n15_external_pusher_fraction,event,temperature_keV,completion_fraction,peak_temperature_keV,seed_energy_mev_per_initial_catalyst,seed_energy_mev_per_completion,deposited_target_nuclear_mev_per_initial_catalyst
0.0,oven-1-c12-to-n13,5.0,2.5206908360186706e-14,5.002156640644231,0.11614751615713702,4607765240285.768,3.523417621197018e-05
0.0,oven-1-c12-to-n13,6.0,1.5834613494307975e-12,6.018835634009848,0.13247274366576972,83660231879.60309,0.0003239107745180991
0.0,oven-1-c12-to-n13,7.0,5.0237268836303334e-11,7.1253740379964645,0.14926194390842606,2971139700.9815907,0.0020961095840011236
0.0,oven-1-c12-to-n13,8.0,1.5452673574666612e-09,8.78148297506418,0.16640012012729766,107683708.79204813,0.013635333698243275
0.0,oven-1-c12-to-n13,9.0,0.9812501038323811,311.4445412076571,0.18381290178748974,0.18732523040720003,6.872568327347072
0.0,oven-1-c12-to-n13,10.0,0.9887364035220311,312.85871688209335,0.20144995976930807,0.20374485965289874,6.887114202879703
0.0,oven-1-c12-to-n13,11.0,0.9897603487062078,313.66337258326524,0.21927591401193805,0.22154445194593878,6.889103727719547
0.0,oven-1-c12-to-n13,12.0,0.9898545501041035,314.3912396553335,0.2372650812722843,0.23969691430658274,6.889286760977968
0.0,oven-1-c12-to-n13,13.0,0.989675413814342,315.1027602976184,0.2553982990323255,0.25806268951148964,6.888938699281472
0.0,oven-1-c12-to-n13,14.0,0.9893980947693893,315.80783080712445,0.2736609272098568,0.27659334362640164,6.888399868552481
0.0,oven-1-c12-to-n13,15.0,0.9890847459693247,316.50620661128465,0.2920415469723374,0.2952644332676775,6.887791032031711
0.0,oven-1-c12-to-n13,16.0,0.9887610292780019,317.22406110622273,0.3105310877587211,0.31406080798458696,6.887162050708604
0.0,oven-1-c12-to-n13,17.0,0.9884360475939641,317.93273463028294,0.3291222260557352,0.3329727065872188,6.886530611504014
0.0,oven-1-c12-to-n13,18.0,0.9881148366671711,318.5776729472735,0.3478089616684747,0.351992449421775,6.885906498874801
0.0,oven-1-c12-to-n13,19.0,0.9877995195313944,319.2395237895807,0.36658631291186816,0.3711140830335434,6.885293837882429
0.0,oven-1-c12-to-n13,20.0,0.9874906492128858,319.89067119158466,0.3854500933078891,0.3903329045344639,6.884693703048295
0.0,oven-1-c12-to-n13,21.0,0.987188596300701,320.56431038782534,0.40439674529270386,0.4096448711098394,6.884106814432149
0.0,oven-1-c12-to-n13,22.0,0.9868931099798549,321.22740211078985,0.4234232145363089,0.42904668221359055,6.883532684698771
0.0,oven-1-c12-to-n13,23.0,0.9866040378627852,321.9054720919651,0.44252685367651456,0.4485354171417453,6.882971017760571
0.0,oven-1-c12-to-n13,24.0,0.9863210599326042,322.58544901671854,0.4617053476796074,0.46810857684733603,6.882421191820973
0.0,oven-1-c12-to-n13,25.0,0.9860438521649249,323.2576377103178,0.4809566553215052,0.4877639612736623,6.881882577304753
0.0,oven-1-c12-to-n13,26.0,0.9857721743231722,323.95908427397706,0.5002789628370126,0.5074995783691119,6.881354707431113
0.0,oven-1-c12-to-n13,27.0,0.9855056665785793,324.6411236232064,0.5196706468604579,0.5273137075554523,6.880836883054794
0.0,oven-1-c12-to-n13,28.0,0.9852441011461608,325.3390584411102,0.539130244537003,0.5472047423677223,6.88032866158419
0.0,oven-1-c12-to-n13,29.0,0.9849872128128704,326.04770489935225,0.5586564292226864,0.5671712505051789,6.879829527716097
0.0,oven-1-c12-to-n13,30.0,0.9847347445824393,326.73888197711824,0.5782479905802054,0.5872119306863719,6.879338982105037
0.0,oven-1-c12-to-n13,31.0,0.9844865018663933,327.4516248765183,0.5979038181615556,0.6073255621362479,6.878856646665653
0.0,oven-1-c12-to-n13,32.0,0.9842422675561424,328.17405151596654,0.6176228877785492,0.6275110388340636,6.878382099558025
0.0,oven-1-c12-to-n13,33.0,0.9840018458078993,328.88040889582123,0.6374042501188882,0.6477673317732017,6.8779149602524505
0.0,oven-1-c12-to-n13,34.0,0.9837650659522463,329.5929906044697,0.6572470211835141,0.6680934746827227,6.8774548971450375
0.0,oven-1-c12-to-n13,35.0,0.9835317580615441,330.33506007848837,0.6771503742107641,0.6884885705626514,6.877001580060413
0.0,oven-1-c12-to-n13,36.0,0.9833017703066426,331.06208559669716,0.6971135328217029,0.7089517723580504,6.876554714000937
0.0,oven-1-c12-to-n13,37.0,0.9830749678389457,331.7748842792489,0.7171357651742339,0.7294822761591466,6.876114036948528
0.0,oven-1-c12-to-n13,38.0,0.9828511923638705,332.521896016807,0.7372163789551209,0.7500793453605429,6.875679241345322
0.0,oven-1-c12-to-n13,39.0,0.9826303258096951,333.274822914693,0.7573547170714141,0.7707422589948544,6.875250097768691
0.0,oven-1-c12-to-n13,40.0,0.9824122658976739,334.0141745873005,0.7775501539287984,0.7914703235289068,6.874826407499908
0.0,oven-1-c12-to-n13,41.0,0.9821969072911014,334.74061387951843,0.7978020922043699,0.812262883625553,6.874407965862857
0.0,oven-1-c12-to-n13,42.0,0.9819840939925556,335.5034037060224,0.8181099600380621,0.8331193601230207,6.873994469759197
0.0,oven-1-c12-to-n13,43.0,0.9817737523869867,336.2743078964553,0.8384732085798439,0.8540391373687306,6.873585776153423
0.0,oven-1-c12-to-n13,44.0,0.9815658141400213,337.0327025397059,0.8588913098405246,0.8750216210341684,6.873181752271889
0.0,oven-1-c12-to-n13,45.0,0.9813601982674361,337.77914219068424,0.8793637548026011,0.8960662520806256,6.872782240762304
0.0,oven-1-c12-to-n13,46.0,0.981156793570634,338.5330165867649,0.8998900517546415,0.9171725229356605,6.872387025565836
0.0,oven-1-c12-to-n13,47.0,0.9809554535473515,339.32836934379725,0.9204697248184702,0.9383399842366424,6.871995822028728
0.0,oven-1-c12-to-n13,48.0,0.9807561958147272,340.11199704824463,0.9411023126432357,0.9595680523450066,6.871608664380999
0.0,oven-1-c12-to-n13,49.0,0.980558955173964,340.8843750090075,0.9617873672442515,0.9808562373219242,6.8712254259415175
0.0,oven-1-c12-to-n13,50.0,0.9803636693853084,341.6459502799923,0.9825244529680326,1.0022040632983462,6.87084598577844
0.0,oven-1-c12-to-n13,51.0,0.980170213080252,342.4230662471943,1.0033131455673918,1.0236111362886773,6.8704701003008175
0.0,oven-1-c12-to-n13,52.0,0.97997845798877,343.23789645085844,1.0241530313729719,1.0450770861584673,6.870097520280063
0.0,oven-1-c12-to-n13,53.0,0.9797884688577008,344.0419984816194,1.0450437065494294,1.0666013530122551,6.869728371519321
0.0,oven-1-c12-to-n13,54.0,0.9796001951261022,344.8357652448319,1.0659847764261134,1.0881835076491497,6.869362555778631
0.0,oven-1-c12-to-n13,55.0,0.9794135887171161,345.61956856920943,1.0869758548934778,1.1098231303051982,6.8689999796447045
0.0,oven-1-c12-to-n13,56.0,0.9792286039826353,346.39376067418044,1.108016563857633,1.1315198099312072,6.868640554423289
0.0,oven-1-c12-to-n13,57.0,0.9790449487505424,347.22824771654024,1.1291065327464092,1.1532734367174617,6.868283712424238
0.0,oven-1-c12-to-n13,58.0,0.9788627830267996,348.0598963787627,1.1502453980612097,1.1750833906510039,6.867929764539071
0.0,oven-1-c12-to-n13,59.0,0.9786820920542761,348.88188582349727,1.171432802969597,1.1969492570470281,6.867578682094238
0.0,oven-1-c12-to-n13,60.0,0.9785028374256913,349.6945330470049,1.19266839693423,1.2188706576181008,6.867230390465003
0.0,oven-1-c12-to-n13,61.0,0.9783249808361761,350.4981395705794,1.2139518353742917,1.240847222705818,6.866884815224768
0.0,oven-1-c12-to-n13,62.0,0.9781484918299644,351.29299322065,1.2352827793559749,1.2628785809861567,6.866541897198009
0.0,oven-1-c12-to-n13,63.0,0.9779730168130785,352.13476767918615,1.2566608953091098,1.2849647932048185,6.866200949351796
0.0,oven-1-c12-to-n13,64.0,0.9777988769964654,352.9065464363204,1.2780858547672067,1.3071050548688927,6.86586259579893
0.0,oven-1-c12-to-n13,65.0,0.9776260843918587,353.6701986672525,1.2995573341286182,1.32929895680619,6.865526859878185
0.0,oven-1-c12-to-n13,66.0,0.9774545804274971,354.4259640314089,1.32107501443675,1.3515461903702655,6.865193627784551
0.0,oven-1-c12-to-n13,67.0,0.97728431634161,355.1740723001471,1.3426385811774533,1.373846442357245,6.864862804774203
0.0,oven-1-c12-to-n13,68.0,0.9771152574766223,355.914744410567,1.3642477240919821,1.3961993875882364,6.8645343235069065
0.0,oven-1-c12-to-n13,69.0,0.976947279811653,356.66377730859875,1.3859021370040363,1.4186048373779456,6.8642079430107765
0.0,oven-1-c12-to-n13,70.0,0.9767800921558432,357.4643452220441,1.4076015176596017,1.4410628645726147,6.86388309750193
0.05,oven-1-c12-to-n13,5.0,3.504828327784821e-10,5.002047911169092,0.11474785981567111,327399373.33306116,3.303253446676109e-05
0.05,oven-1-c12-to-n13,6.0,2.3975170668008444e-09,6.017868269201111,0.1308655525490086,54583783.5155145,0.0003034140421525647
0.05,oven-1-c12-to-n13,7.0,1.1796256117518409e-08,7.118351328524436,0.14744225806343664,12499072.298411084,0.001954358833639287
0.05,oven-1-c12-to-n13,8.0,5.669878225681707e-08,8.713759498313786,0.16436421065861423,2898901.9537337986,0.012323927445396508
0.05,oven-1-c12-to-n13,9.0,0.9801430426271955,305.02361521578104,0.18155783248570131,0.18523605697291895,6.622117308127849
0.05,oven-1-c12-to-n13,10.0,0.9886930653909426,306.51917633814185,0.19897332923254396,0.2012488366689082,6.638729996919712
0.05,oven-1-c12-to-n13,11.0,0.9898149433321883,307.3197499311983,0.2165756959728504,0.21880422944894473,6.640909805045899
0.05,oven-1-c12-to-n13,12.0,0.9899395687916476,308.0377690962231,0.23433952134999314,0.23672103705889397,6.64115195223392
0.05,oven-1-c12-to-n13,13.0,0.9897749562050533,308.73802294082975,0.2522458454694787,0.2548517154208744,6.64083211008369
0.05,oven-1-c12-to-n13,14.0,0.9895065903279574,309.43134487737115,0.27028018292665057,0.2731464202144123,6.640310675352092
0.05,oven-1-c12-to-n13,15.0,0.9891998343999804,310.11784071938797,0.2884312354675808,0.2915803515500331,6.639714648779215
0.05,oven-1-c12-to-n13,16.0,0.9888816331385354,310.82340063214673,0.30669002828294123,0.3101382592268008,6.639096383932118
0.05,oven-1-c12-to-n13,17.0,0.988561545575757,311.5282339963944,0.32504931515976987,0.32881039791048616,6.638474453999941
0.05,oven-1-c12-to-n13,18.0,0.9882448916823274,312.2324432461455,0.34350315923937647,0.3475891068403276,6.637859195686492
0.05,oven-1-c12-to-n13,19.0,0.9879339437545821,312.9552599078203,0.3620466314331131,0.3664684604895518,6.63725502406073
0.05,oven-1-c12-to-n13,20.0,0.9876292776534071,313.66649413444634,0.38067558947943053,0.38544380780601223,6.636663058020031
0.05,oven-1-c12-to-n13,21.0,0.9873313461474874,314.4024580084956,0.39938651340694103,0.4045111248268631,6.63608417729561
0.05,oven-1-c12-to-n13,22.0,0.9870398770866592,315.12701557810743,0.41817638118017725,0.42366715964350304,6.63551785309391
0.05,oven-1-c12-to-n13,23.0,0.9867547640889017,315.86809635905485,0.4370425734486838,0.44290900774339553,6.634963878720677
0.05,oven-1-c12-to-n13,24.0,0.9864756803587658,316.6114020468766,0.45598279969430033,0.46223420280210714,6.634421619210593
0.05,oven-1-c12-to-n13,25.0,0.9862022965924867,317.3463193582583,0.4749950403287365,0.48164057411946126,6.633890434726702
0.05,oven-1-c12-to-n13,26.0,0.9859344185221712,318.08768128969797,0.4940775008308566,0.5011261312607741,6.633369947807952
0.05,oven-1-c12-to-n13,27.0,0.985671619251027,318.7589711347502,0.5132285750773582,0.5206892083058456,6.632859328992454
0.05,oven-1-c12-to-n13,28.0,0.9854137206459375,319.44593049671016,0.532446815768544,0.5403281937453903,6.63235823216682
0.05,oven-1-c12-to-n13,29.0,0.9851604665834363,320.14345237409157,0.5517309103839432,0.5600416674223249,6.6318661596833826
0.05,oven-1-c12-to-n13,30.0,0.9849115727863819,320.8237645019593,0.5710796614873758,0.57982835948587,6.631382559192753
0.05,oven-1-c12-to-n13,31.0,0.9846668894940038,321.52533643750223,0.5904919704821675,0.5996870381064675,6.6309071397113355
0.05,oven-1-c12-to-n13,32.0,0.9844261958556318,322.23645937476573,0.6099668241249019,0.6196166118829641,6.630439472125175
0.05,oven-1-c12-to-n13,33.0,0.9841892651403712,322.93175245939597,0.6295032832611015,0.6396160835703871,6.629979115898666
0.05,oven-1-c12-to-n13,34.0,0.9839559556955334,323.6331870561982,0.6491004733630288,0.65968448039343,6.629525795794574
0.05,oven-1-c12-to-n13,35.0,0.9837261247302471,324.363691213295,0.6687575765386621,0.6798208970225791,6.629079234374032
0.05,oven-1-c12-to-n13,36.0,0.9834995741361882,325.0793763340784,0.6884738247490041,0.7000245275690063,6.628639046713926
0.05,oven-1-c12-to-n13,37.0,0.9832761669033587,325.78104684816117,0.708248494023572,0.7202945803660288,6.628204966602708
0.05,oven-1-c12-to-n13,38.0,0.9830558080247033,326.51644578937453,0.7280808995049894,0.7406302811718838,6.627776809441675
0.05,oven-1-c12-to-n13,39.0,0.982838342428293,327.2576828299439,0.7479703911856375,0.7610309436418927,6.627354273926256
0.05,oven-1-c12-to-n13,40.0,0.9826236499831493,327.9855480099209,0.7679163502250603,0.7814958964586585,6.62693712664194
0.05,oven-1-c12-to-n13,41.0,0.9824116246342222,328.70069394445136,0.7879181857566084,0.8020244936026396,6.626525161526194
0.05,oven-1-c12-to-n13,42.0,0.9822021698970238,329.45167698452656,0.8079753321083328,0.8226161139442837,6.626118191102794
0.05,oven-1-c12-to-n13,43.0,0.9819951800283979,330.21066673661267,0.828087246375919,0.8432701740470578,6.625716009919798
0.05,oven-1-c12-to-n13,44.0,0.9817905630283074,330.957334678666,0.8482534062960377,0.8639861068531992,6.625318439218823
0.05,oven-1-c12-to-n13,45.0,0.9815882387558181,331.69222690937175,0.8684733083770102,0.8847633601211612,6.624925323286105
0.05,oven-1-c12-to-n13,46.0,0.9813881193529692,332.43445574508064,0.888746466250663,0.9056014116378494,6.624536491413675
0.05,oven-1-c12-to-n13,47.0,0.9811901029559809,333.2175796425892,0.9090724092149618,0.9264997745862359,6.624151745682152
0.05,oven-1-c12-to-n13,48.0,0.9809941406373085,333.9891549100164,0.9294506809417762,0.947457933171704,6.623770991021288
0.05,oven-1-c12-to-n13,49.0,0.9808001688614765,334.7496496611348,0.9498808383278992,0.9684754025180595,6.623394103984245
0.05,oven-1-c12-to-n13,50.0,0.9806081264488857,335.4995041447735,0.9703624504709387,0.989551712145146,6.623020965698973
0.05,oven-1-c12-to-n13,51.0,0.9804179204435246,336.2646868649794,0.9908950977541129,1.0106864400294198,6.622651395550035
0.05,oven-1-c12-to-n13,52.0,0.9802294515937339,337.06705723202174,1.0114783710264723,1.031879188471568,6.62228520069482
0.05,oven-1-c12-to-n13,53.0,0.9800427244376401,337.85886143891645,1.0321118708668846,1.0531294658190768,6.62192238994935
0.05,oven-1-c12-to-n13,54.0,0.9798576894939437,338.6404864140852,1.0527952069217321,1.074436847523703,6.621562867171494
0.05,oven-1-c12-to-n13,55.0,0.9796742979835802,339.4122981463328,1.0735279973076564,1.0958009202826398,6.621206537583561
0.05,oven-1-c12-to-n13,56.0,0.9794925052708175,340.1746434918461,1.0943098680718284,1.1172212775321493,6.620853314458345
0.05,oven-1-c12-to-n13,57.0,0.9793121126543995,340.99644093037233,1.1151404527031972,1.1386977024930676,6.620502811719437
0.05,oven-1-c12-to-n13,58.0,0.9791331918623218,341.81544993796894,1.1360193916890386,1.1602296818559665,6.620155168734275
0.05,oven-1-c12-to-n13,59.0,0.9789557286474861,342.62494657347474,1.156946332111821,1.1818168056590717,6.619810357820763
0.05,oven-1-c12-to-n13,60.0,0.9787796788534546,343.4252423029241,1.177920927282031,1.2034587075426935,6.619468293182998
0.05,oven-1-c12-to-n13,61.0,0.9786050088876546,344.2166344431932,1.1989428364031556,1.2251550171053704,6.619128909550924
0.05,oven-1-c12-to-n13,62.0,0.9784316846300717,344.99940598648215,1.2200117242654176,1.2469053725776298,6.6187921406284
0.05,oven-1-c12-to-n13,63.0,0.9782594391918962,345.84296857165043,1.2411272609653747,1.2687097218204446,6.6184574678516235
0.05,oven-1-c12-to-n13,64.0,0.9780884205476474,346.6868464841817,1.26228912164869,1.2905674938283331,6.618125178735242
0.05,oven-1-c12-to-n13,65.0,0.9779186262963668,347.52198203665034,1.2834969862738084,1.31247831032194,6.6177952686132535
0.05,oven-1-c12-to-n13,66.0,0.9777500352082684,348.348635415513,1.3047505393944645,1.3344418229722104,6.617467696235591
0.05,oven-1-c12-to-n13,67.0,0.9775826126893076,349.1670540565013,1.3260494699592118,1.3564577077647482,6.6171423943877565
0.05,oven-1-c12-to-n13,68.0,0.9774163344462752,349.9774756359746,1.3473934711263418,1.3785256329787712,6.616819315870682
0.05,oven-1-c12-to-n13,69.0,0.9772510993666347,350.79720475796427,1.3687822400927443,1.4006453827269825,6.616498264212782
0.05,oven-1-c12-to-n13,70.0,0.977086653088313,351.6735618717992,1.3902154779354292,1.4228169769194217,6.6161787451986385
0.1,oven-1-c12-to-n13,5.0,6.91374895185973e-10,5.0019386188331705,0.11334822408657698,163946109.23222405,3.086707977356396e-05
0.1,oven-1-c12-to-n13,6.0,4.724615023031373e-09,6.016897794239482,0.129258380718091,27358500.129214168,0.0002832829047494561
0.1,oven-1-c12-to-n13,7.0,2.311442942780574e-08,7.1113771107178785,0.14562259036691208,6300072.89696426,0.0018162683350966035
0.1,oven-1-c12-to-n13,8.0,1.0731208473785959e-07,8.651445543177115,0.16232831835732126,1512675.0985581402,0.011125808694625452
0.1,oven-1-c12-to-n13,9.0,0.9786634867496331,298.5231271144559,0.17930277949759357,0.1832118822508638,6.370942531999228
0.1,oven-1-c12-to-n13,10.0,0.9886216160869072,300.1297327913392,0.19649671425971113,0.1987582620714593,6.390291170966536
0.1,oven-1-c12-to-n13,11.0,0.9898576398884775,300.9273251797609,0.21387549283344018,0.21606692135804145,6.392692764427907
0.1,oven-1-c12-to-n13,12.0,0.9900163641315048,301.6355773711914,0.23141397573410108,0.23374762692645973,6.393001165527992
0.1,oven-1-c12-to-n13,13.0,0.9898674855749282,302.3244502127532,0.24909340567925564,0.2516431838697873,6.39271189458999
0.1,oven-1-c12-to-n13,14.0,0.9896084991848698,303.00584830730565,0.26689945193265535,0.26970206112063266,6.392208684198888
0.1,oven-1-c12-to-n13,15.0,0.98930845352368,303.68026610606313,0.2848209368116318,0.287899022592163,6.391625695670755
0.1,oven-1-c12-to-n13,16.0,0.9889957592596584,304.3733172522966,0.30284898125260257,0.30621868538577857,6.391018130912764
0.1,oven-1-c12-to-n13,17.0,0.9886804905469729,305.0655970991879,0.3209764163380179,0.3246513099094758,6.390405564003306
0.1,oven-1-c12-to-n13,18.0,0.9883682753031655,305.7572389468252,0.3391973685413485,0.34318925143292905,6.389798929985476
0.1,oven-1-c12-to-n13,19.0,0.9880615571479251,306.4671714825801,0.3575069613669866,0.36182660764471314,6.389202976806044
0.1,oven-1-c12-to-n13,20.0,0.987760951385318,307.165712307527,0.37590109676701294,0.38055877410401573,6.388618900000484
0.1,oven-1-c12-to-n13,21.0,0.9874670008926109,307.8885777594915,0.3943762923600742,0.3993817433935329,6.388047754379164
0.1,oven-1-c12-to-n13,22.0,0.9871794176391996,308.6002317556187,0.41292955840317874,0.4182923094068183,6.3874889803003025
0.1,oven-1-c12-to-n13,23.0,0.986898144487623,309.3281441177725,0.431558303555837,0.43728758227617615,6.386942466745879
0.1,oven-1-c12-to-n13,24.0,0.9866228501693944,310.05825377848635,0.45026026181391315,0.4563651264884119,6.386407570060703
0.1,oven-1-c12-to-n13,25.0,0.9863532001560612,310.78012268109416,0.4690334352235808,0.4755227996922098,6.38588364025606
0.1,oven-1-c12-to-n13,26.0,0.9860890561947788,311.53364490851305,0.48787604850660277,0.49475860769540303,6.385370408706025
0.1,oven-1-c12-to-n13,27.0,0.9858299471848526,312.2664161613772,0.5067865127810289,0.5140709249381339,6.384866960066397
0.1,oven-1-c12-to-n13,28.0,0.9855757357510075,313.0164601679118,0.5257633963014056,0.5334581374416392,6.384373027411967
0.1,oven-1-c12-to-n13,29.0,0.9853261519950404,313.77820108089145,0.5448054006699572,0.5529188478016763,6.383888086331396
0.1,oven-1-c12-to-n13,30.0,0.9850808725020913,314.5212688101903,0.5639113413509206,0.5724518230859501,6.383411508434579
0.1,oven-1-c12-to-n13,31.0,0.9848398009119257,315.2877364349391,0.5830801315983215,0.5920558156345942,6.382943106488008
0.1,oven-1-c12-to-n13,32.0,0.9846026956226513,316.0648050514515,0.6023107691129503,0.6117297583997127,6.38248241106168
0.1,oven-1-c12-to-n13,33.0,0.9843692984127813,316.8247033716941,0.621602324897643,0.6314726860131947,6.382028920429937
0.1,oven-1-c12-to-n13,34.0,0.9841394965450968,317.5914709212247,0.6409539338955278,0.6512836200006703,6.381582415548817
0.1,oven-1-c12-to-n13,35.0,0.9839131725314975,318.33670724883126,0.66036478708381,0.6711616487304117,6.381142668132802
0.1,oven-1-c12-to-n13,36.0,0.9836900555750284,319.0408529263034,0.6798341247630569,0.6911060256328924,6.380709152030131
0.1,oven-1-c12-to-n13,37.0,0.9834700273773156,319.73119881762597,0.69936123083406,0.7111159581538979,6.380281637383085
0.1,oven-1-c12-to-n13,38.0,0.9832530593982073,320.45477783863276,0.7189454278949922,0.7311906340113676,6.379860068737694
0.1,oven-1-c12-to-n13,39.0,0.9830389683962951,321.18411588008564,0.7385860730232837,0.7513293946304024,6.3794440900559435
0.1,oven-1-c12-to-n13,40.0,0.9828276083575052,321.9002882077815,0.758282554132079,0.7715315968782315,6.379033417634902
0.1,oven-1-c12-to-n13,41.0,0.9826188800717387,322.6039377133573,0.7780342868107449,0.7917965984471441,6.378627858708479
0.1,oven-1-c12-to-n13,42.0,0.982412750333819,323.34290059633474,0.7978407115752333,0.8121237344528874,6.378227348757453
0.1,oven-1-c12-to-n13,43.0,0.9822090770886595,324.0897598325044,0.8177012914667438,0.8325124564013102,6.377831611773579
0.1,oven-1-c12-to-n13,44.0,0.982007745185466,324.82448817412353,0.8376155099476241,0.8529622236222064,6.377440424014551
0.1,oven-1-c12-to-n13,45.0,0.9818086756394122,325.5476231466059,0.8575828690518484,0.8734724904455947,6.377053632010683
0.1,oven-1-c12-to-n13,46.0,0.9816118059832234,326.2779943348951,0.8776028877543435,0.8940427187255554,6.376671114393945
0.1,oven-1-c12-to-n13,47.0,0.9814170792127387,327.0486653512386,0.8976751005290682,0.9146723850059287,6.3762927604028325
0.1,oven-1-c12-to-n13,48.0,0.9812243788423307,327.80796726052745,0.9177990560704792,0.9353610406147043,6.375918343705702
0.1,oven-1-c12-to-n13,49.0,0.9810336425456099,328.5563608227754,0.9379743161567182,0.9561082061598212,6.375547743202588
0.1,oven-1-c12-to-n13,50.0,0.9808448077051752,329.2942791557942,0.95820045463637,0.9769134190333486,6.375180837227795
0.1,oven-1-c12-to-n13,51.0,0.9806578220290583,330.0473090449969,0.9784770565229473,0.9977762217797856,6.374817524180747
0.1,oven-1-c12-to-n13,52.0,0.980472610264743,330.836989019531,0.9988037171838052,1.0186961948015179,6.374457657839583
0.1,oven-1-c12-to-n13,53.0,0.98028911643015,331.6162676819764,1.019180041611926,1.0396729133578495,6.374101129433981
0.1,oven-1-c12-to-n13,54.0,0.9801072909141461,332.3855257537864,1.0396056437706334,1.0607059588353773,6.3737478425721354
0.1,oven-1-c12-to-n13,55.0,0.9799270874624505,333.1451235995565,1.0600801460026739,1.081794920832102,6.373397707380156
0.1,oven-1-c12-to-n13,56.0,0.979748461591393,333.8954025425985,1.0806031784961987,1.1029393980787567,6.373050637426359
0.1,oven-1-c12-to-n13,57.0,0.9795713002108715,334.70427250905925,1.1011743788011998,1.1241390785582948,6.372706412977336
0.1,oven-1-c12-to-n13,58.0,0.9793956083682472,335.51040596964464,1.1217933913907578,1.1453935282186498,6.372365043839955
0.1,oven-1-c12-to-n13,59.0,0.9792213460230483,336.3071753417482,1.1424598672621773,1.1667023721471108,6.372026452212476
0.1,oven-1-c12-to-n13,60.0,0.9790484763686045,337.0948878388849,1.1631734635737123,1.1880652405364514,6.371690566583839
0.1,oven-1-c12-to-n13,61.0,0.9788769704220811,337.8738362541306,1.1839338433130946,1.2094817623532355,6.371357330638933
0.1,oven-1-c12-to-n13,62.0,0.9787067892858978,338.6442987454772,1.2047406749945209,1.2309515865048264,6.371026668799613
0.1,oven-1-c12-to-n13,63.0,0.9785377637816762,339.4746780385261,1.2255936323812224,1.2524745367463075,6.370698252352475
0.1,oven-1-c12-to-n13,64.0,0.9783699572156459,340.3053787832665,1.2464923942309682,1.2740501535619257,6.370372204301463
0.1,oven-1-c12-to-n13,65.0,0.9782033589119374,341.1274750341477,1.2674366440622449,1.2956780740070486,6.370048503903374
0.1,oven-1-c12-to-n13,66.0,0.9780379403656034,341.9412220625004,1.2884260699390724,1.3173579641066295,6.3697270957731
0.1,oven-1-c12-to-n13,67.0,0.9778736746664065,342.74686404609514,1.309460364272666,1.3390894940692393,6.36940792762409
0.1,oven-1-c12-to-n13,68.0,0.9777105353088152,343.544634572659,1.3305392236383113,1.3608723396010591,6.369090947956095
0.1,oven-1-c12-to-n13,69.0,0.9775484448591361,344.3515879238877,1.3516623486060508,1.3827062543184998,6.368776006317172
0.1,oven-1-c12-to-n13,70.0,0.9773872150521848,345.21436209676096,1.3728294435838821,1.4045911614575228,6.368462736903203
0.15000000000000002,oven-1-c12-to-n13,5.0,1.0223464670601137e-09,5.001828826389498,0.11194860972227158,109501635.04178181,2.8739151361859418e-05
0.15000000000000002,oven-1-c12-to-n13,6.0,6.980586186669893e-09,6.01592478994408,0.12765122887730984,18286605.947373338,0.0002635290385317657
0.15000000000000002,oven-1-c12-to-n13,7.0,3.3998838724778816e-08,7.104454680561018,0.14380294148181114,4229642.742974207,0.001681864932146172
0.15000000000000002,oven-1-c12-to-n13,8.0,1.5380641091957796e-07,8.593794606758497,0.16029244385068006,1042170.1078149045,0.010026622643778245
0.15000000000000002,oven-1-c12-to-n13,9.0,0.9766164708126892,291.92810211394885,0.17704774341933652,0.1812868702408906,6.118665181339595
0.15000000000000002,oven-1-c12-to-n13,10.0,0.988515692511967,293.69164676145124,0.19402011541965827,0.1962741885529647,6.141785361527608
0.15000000000000002,oven-1-c12-to-n13,11.0,0.9898864766469034,294.4877100662978,0.21117530513833713,0.21333285191819448,6.144448794228067
0.15000000000000002,oven-1-c12-to-n13,12.0,0.9900838308060581,295.1863431123985,0.22848844494759765,0.23077686741089196,6.144832253236837
0.15000000000000002,oven-1-c12-to-n13,13.0,0.9899521761657656,295.8637431265274,0.24594098016517016,0.24843723372348828,6.144576448352738
0.15000000000000002,oven-1-c12-to-n13,14.0,0.9897031079092543,296.53305181866557,0.26351873471374154,0.2662603892094714,6.144092508889092
0.15000000000000002,oven-1-c12-to-n13,15.0,0.9894099387011609,297.19519849354555,0.28121065147428376,0.2842205646765996,6.143522881304383
0.15000000000000002,oven-1-c12-to-n13,16.0,0.9891027622935922,297.8755293979092,0.29900794712277035,0.3023022061220539,6.142926037741438
0.15000000000000002,oven-1-c12-to-n13,17.0,0.9887922432994467,298.555037905426,0.3169035300319877,0.3204955663633946,6.142322699531777
0.15000000000000002,oven-1-c12-to-n13,18.0,0.9884843609660241,299.2338915635727,0.3348915900033665,0.3387930079906214,6.141724484355152
0.15000000000000002,oven-1-c12-to-n13,19.0,0.9881817501042708,299.93071176976235,0.3529673031308321,0.3571886478308143,6.141136511640521
0.15000000000000002,oven-1-c12-to-n13,20.0,0.9878850758618034,300.6163338194813,0.3711266155771455,0.3756779251406192,6.140560073776162
0.15000000000000002,oven-1-c12-to-n13,21.0,0.9875949768461709,301.3258674026331,0.3893660825484866,0.3942568478749308,6.139996411573412
0.15000000000000002,oven-1-c12-to-n13,22.0,0.9873111491961706,302.0243875603169,0.4076827465922055,0.41292225548564354,6.139444934630009
0.15000000000000002,oven-1-c12-to-n13,23.0,0.9870335888855275,302.73889598768454,0.42607404437594465,0.43167127154915813,6.138905635123115
0.15000000000000002,oven-1-c12-to-n13,24.0,0.9867619603934006,303.45557333404633,0.44453773440800876,0.45050149098854725,6.138377861138892
0.15000000000000002,oven-1-c12-to-n13,25.0,0.9864959230337187,304.1641600340695,0.46307184036765864,0.4694107999388364,6.137860950718444
0.15000000000000002,oven-1-c12-to-n13,26.0,0.9862353967728871,304.9038706892887,0.4816746062183541,0.4883971998921019,6.137354748356172
0.15000000000000002,oven-1-c12-to-n13,27.0,0.985979846855575,305.6231943977027,0.5003444603184415,0.5074591148227914,6.136858215031041
0.15000000000000002,oven-1-c12-to-n13,28.0,0.9857291891092,306.35950760850926,0.5190799864757802,0.5265949230385183,6.1363711871889794
0.15000000000000002,oven-1-c12-to-n13,29.0,0.9854831490875998,307.1073300582179,0.5378799004144671,0.5458032447459483,6.135893131585522
0.15000000000000002,oven-1-c12-to-n13,30.0,0.9852413662681316,307.8368076308568,0.5567430304984234,0.5650828817787446,6.135423347717967
0.15000000000000002,oven-1-c12-to-n13,31.0,0.9850038010065034,308.58929919150995,0.5756683018317212,0.5844325689337319,6.1349617585674014
0.15000000000000002,oven-1-c12-to-n13,32.0,0.9847701972750373,309.3522238344252,0.5946547230587739,0.6038512586025105,6.134507866666136
0.15000000000000002,oven-1-c12-to-n13,33.0,0.984540261304144,310.09828063636576,0.6137013753392055,0.6233380182200807,6.134061101220681
0.15000000000000002,oven-1-c12-to-n13,34.0,0.9843139131828973,310.85110186860555,0.6328074030865358,0.6428918606263291,6.133621306965916
0.15000000000000002,oven-1-c12-to-n13,35.0,0.9840910782474975,311.6353703590279,0.6519720061467702,0.6625118554146674,6.133188338827502
0.15000000000000002,oven-1-c12-to-n13,36.0,0.9838714321620968,312.4038551175456,0.671194433159653,0.6821972985684485,6.132761566624136
0.15000000000000002,oven-1-c12-to-n13,37.0,0.983654842572083,313.157411448575,0.6904739758968965,0.7019474169327825,6.132340733186081
0.15000000000000002,oven-1-c12-to-n13,38.0,0.9834413485109913,313.9474513112784,0.7098099644119041,0.7217613592174187,6.131925914361229
0.15000000000000002,oven-1-c12-to-n13,39.0,0.9832307203108644,314.74395184198494,0.7292017628668598,0.7416385064090661,6.131516663902401
0.15000000000000002,oven-1-c12-to-n13,40.0,0.98302278062664,315.5262165438111,0.7486487659282414,0.7615782468957698,6.131112637230311
0.15000000000000002,oven-1-c12-to-n13,41.0,0.9828174271339656,316.2949388041953,0.7681503956411868,0.7815799500841392,6.130713635522705
0.15000000000000002,oven-1-c12-to-n13,42.0,0.9826147025323613,317.1024537051423,0.7877060987093204,0.801642898970747,6.130319741750781
0.15000000000000002,oven-1-c12-to-n13,43.0,0.9824144189899567,317.9124986322002,0.8073153441191505,0.8217665870062965,6.12993059095704
0.15000000000000002,oven-1-c12-to-n13,44.0,0.982216414276674,318.6350809569384,0.826977621058508,0.8419505203112623,6.129545867923424
0.15000000000000002,oven-1-c12-to-n13,45.0,0.982020613022793,319.34625281793876,0.8466924370868435,0.8621941595305307,6.129165426213655
0.15000000000000002,oven-1-c12-to-n13,46.0,0.9818269958899959,320.0645571334982,0.8664593165220176,0.8824969369849104,6.128789228248404
0.15000000000000002,oven-1-c12-to-n13,47.0,0.9816355549950243,320.82255327346724,0.8862777990138324,0.9028582904358275,6.128417258711455
0.15000000000000002,oven-1-c12-to-n13,48.0,0.9814461069619106,321.56936236548063,0.9061474382791871,0.9232778365020854,6.128049161303513
0.15000000000000002,oven-1-c12-to-n13,49.0,0.9812585896816164,322.30543759505747,0.9260678009774449,0.9437551025952507,6.127684815344714
0.15000000000000002,oven-1-c12-to-n13,50.0,0.9810729458698049,323.0312054120912,0.9460384657080406,0.9642896276884863,6.127324109536472
0.15000000000000002,oven-1-c12-to-n13,51.0,0.980889156512374,323.77186274355455,0.966059022114668,0.9848809273716149,6.126967006933313
0.15000000000000002,oven-1-c12-to-n13,52.0,0.9807071831155716,324.5486218598569,0.9861290700828804,1.0055285482360639,6.126613432737724
0.15000000000000002,oven-1-c12-to-n13,53.0,0.9805268984455469,325.3151467996011,1.0062482190196744,1.0262321417341065,6.126263139738612
0.15000000000000002,oven-1-c12-to-n13,54.0,0.9803482619440824,326.07181282724116,1.026416087205222,1.046991285698599,6.125916049129905
0.15000000000000002,oven-1-c12-to-n13,55.0,0.9801712214632484,326.81897380021064,1.046632301208285,1.0678055816062628,6.125572059588357
0.15000000000000002,oven-1-c12-to-n13,56.0,0.9799957342400686,327.5569655550192,1.0668964953579143,1.0886746320229979,6.125231088027051
0.15000000000000002,oven-1-c12-to-n13,57.0,0.9798217930240914,328.35267108211644,1.0872083112650666,1.1095980095620661,6.124893120353431
0.15000000000000002,oven-1-c12-to-n13,58.0,0.9796493024968291,329.14569095963947,1.107567397388553,1.130575395262059,6.124557971370539
0.15000000000000002,oven-1-c12-to-n13,59.0,0.9794782219781973,329.9294983488952,1.1279734086404476,1.1516064199593359,6.124225562032547
0.15000000000000002,oven-1-c12-to-n13,60.0,0.9793085166304917,330.7043954966975,1.148426006026705,1.1726907164844194,6.123895824647222
0.15000000000000002,oven-1-c12-to-n13,61.0,0.9791401509568336,331.4706698693895,1.1689248563192431,1.1938279266527356,6.1235686902505
0.15000000000000002,oven-1-c12-to-n13,62.0,0.9789730915788852,332.228595374623,1.189469631756172,1.215017697613934,6.123244093987177
0.15000000000000002,oven-1-c12-to-n13,63.0,0.9788072666488022,333.04554528929253,1.210060009767345,1.2362597326338778,6.122921896251821
0.15000000000000002,oven-1-c12-to-n13,64.0,0.9786426551535478,333.8628225850858,1.230695672722582,1.2575536803364529,6.1226020562212256
0.15000000000000002,oven-1-c12-to-n13,65.0,0.9784792343230678,334.67163537912387,1.251376307700363,1.278899197657568,6.12228452965159
0.15000000000000002,oven-1-c12-to-n13,66.0,0.9783169742514849,335.47223454220534,1.27210160627495,1.3002959569910775,6.121969258435769
0.15000000000000002,oven-1-c12-to-n13,67.0,0.9781558493502766,336.2648602958362,1.2928712643201712,1.3217436313231057,6.121656192855298
0.15000000000000002,oven-1-c12-to-n13,68.0,0.9779958330420385,337.04974233108555,1.3136849818282683,1.343241900880165,6.1213452812704485
0.15000000000000002,oven-1-c12-to-n13,69.0,0.9778368729242954,337.8436795183729,1.3345424627423952,1.3647904877542043,6.121036421862575
0.15000000000000002,oven-1-c12-to-n13,70.0,0.9776788498117346,338.6926135386236,1.3554434148014989,1.3863892167274643,6.120729383055408
0.2,oven-1-c12-to-n13,5.0,1.3430247326727028e-09,5.0017186042235675,0.1105490175122379,82313463.64875834,2.6650153253060884e-05
0.2,oven-1-c12-to-n13,6.0,9.163029306553406e-09,6.01494990094229,0.12604409776566955,13755723.522080489,0.00024416466238219554
0.2,oven-1-c12-to-n13,7.0,4.4443213469118274e-08,7.097587680938176,0.14198331210377688,3194713.0061248867,0.0015511775621270968
0.2,oven-1-c12-to-n13,8.0,1.965288336008947e-07,8.540209304765067,0.15825658779688279,805258.8767624088,0.009014747630777243
0.2,oven-1-c12-to-n13,9.0,0.9736380123766769,285.0060457912344,0.17479272487650502,0.17952537047093223,5.864578038493817
0.2,oven-1-c12-to-n13,10.0,0.9883660323025365,287.20611884217874,0.1915435333092928,0.19379817501727112,5.893194571834466
0.2,oven-1-c12-to-n13,11.0,0.9898986040826341,288.00261984808924,0.2084751334590376,0.21060251282224723,5.896172357827973
0.2,oven-1-c12-to-n13,12.0,0.9901403568753904,288.69187965909055,0.22556292953927395,0.22780904542774957,5.896642083352128
0.2,oven-1-c12-to-n13,13.0,0.9900278372287479,289.35774940116346,0.2427885694555778,0.24523408365484275,5.896423457750974
0.2,oven-1-c12-to-n13,14.0,0.9897894001413314,290.01481862620494,0.26013803177975253,0.2628215979506424,5.89596017464221
0.2,oven-1-c12-to-n13,15.0,0.9895033576534817,290.66450959773005,0.2776003799485106,0.2805451621779384,5.895404394270257
0.2,oven-1-c12-to-n13,16.0,0.9892017549452724,291.3319142914063,0.29516692637096503,0.29838900395733237,5.894818380400849
0.2,oven-1-c12-to-n13,17.0,0.9888959399039972,291.9984374432574,0.31283065670497473,0.31634335229988364,5.894224181966905
0.2,oven-1-c12-to-n13,18.0,0.9885922960804312,292.6642849494863,0.3305858240755753,0.33440056673138296,5.893634202213943
0.2,oven-1-c12-to-n13,19.0,0.9882936811154964,293.34776748921814,0.34842765716258883,0.3525547757922678,5.893053993527221
0.2,oven-1-c12-to-n13,20.0,0.9880008089251189,294.0202471941682,0.36635214633639857,0.3708014639532189,5.892484943046082
0.2,oven-1-c12-to-n13,21.0,0.9877144335031355,294.71621743139053,0.3843558843881238,0.38913664856037933,5.891928515784095
0.2,oven-1-c12-to-n13,22.0,0.9874342309286014,295.40137527899253,0.40243594615324335,0.4075572160130454,5.891384082359876
0.2,oven-1-c12-to-n13,23.0,0.9871602572065229,296.10224610699635,0.42058979630563104,0.4260603009847871,5.8908517515917795
0.2,oven-1-c12-to-n13,24.0,0.9868921701585618,296.8052565534169,0.43881521786438954,0.4446435295903564,5.890330858628155
0.2,oven-1-c12-to-n13,25.0,0.9866296243590548,297.5003290042601,0.45711025614043926,0.46330481556074526,5.889820732307892
0.2,oven-1-c12-to-n13,26.0,0.9863725990923314,298.22598585907093,0.47547317433769043,0.4820421560526163,5.889321332378359
0.2,oven-1-c12-to-n13,27.0,0.9861204938206288,298.93162623969306,0.4939024180536916,0.5008540245828523,5.888831491994615
0.2,oven-1-c12-to-n13,28.0,0.9858732800360482,299.65396731825524,0.5123965866486512,0.5197387910035614,5.888351155769944
0.2,oven-1-c12-to-n13,29.0,0.9856306778194912,300.3876260962703,0.5309544099676834,0.5386950933206673,5.887879779816004
0.2,oven-1-c12-to-n13,30.0,0.9853922870707448,301.1032740164829,0.5495747292736357,0.5577217687661684,5.8874165867413755
0.2,oven-1-c12-to-n13,31.0,0.9851581285900013,301.8415424944025,0.5682564815199492,0.5768175331743557,5.8869616169644745
0.2,oven-1-c12-to-n13,32.0,0.9849279308933212,302.5900726017785,0.5869986862940536,0.5959813585158975,5.88651434298584
0.2,oven-1-c12-to-n13,33.0,0.9847013609059032,303.3220424527588,0.6058004349118165,0.6152123465681956,5.886074117646004
0.2,oven-1-c12-to-n13,34.0,0.9844783750711268,304.0606696211649,0.6246608812566581,0.6345094997251995,5.885640856310262
0.2,oven-1-c12-to-n13,35.0,0.9842589367919788,304.8302054003758,0.6435792340429408,0.6538718725181969,5.88521448787091
0.2,oven-1-c12-to-n13,36.0,0.9840426523651326,305.58424591440064,0.6625547502491833,0.6732988134779954,5.884794247369243
0.2,oven-1-c12-to-n13,37.0,0.9838293895223373,306.3236305231054,0.6815867295176543,0.692789559629413,5.884379877799353
0.2,oven-1-c12-to-n13,38.0,0.9836192704684031,307.09887400141946,0.7006745093566533,0.7123432108268777,5.883971616613288
0.2,oven-1-c12-to-n13,39.0,0.9834120168187649,307.8804781305112,0.7198174610128169,0.7319591877078654,5.883568922903991
0.2,oven-1-c12-to-n13,40.0,0.9832074209427956,308.6481070771361,0.7390149859056762,0.7516369081073822,5.88317139324509
0.2,oven-1-c12-to-n13,41.0,0.9830053829664209,309.4024415345174,0.7582665125358847,0.7713757479614808,5.882778833587533
0.2,oven-1-c12-to-n13,42.0,0.9828060250644135,310.19490636022005,0.7775714937945071,0.791174935810497,5.8823914813109255
0.2,oven-1-c12-to-n13,43.0,0.9826091149368694,310.99604038799157,0.7969294046131419,0.811034003754731,5.882008885058418
0.2,oven-1-c12-to-n13,44.0,0.9824144732217505,311.78430513297525,0.8163397399049058,0.8309524769395796,5.88163069633048
0.2,oven-1-c12-to-n13,45.0,0.9822220214854069,312.56026930091434,0.8358020127545404,0.8509298248990216,5.881256762729088
0.2,oven-1-c12-to-n13,46.0,0.9820317573066107,313.34418811077455,0.8553157528226719,0.8709654717974915,5.8808870795495505
0.2,oven-1-c12-to-n13,47.0,0.9818437322827799,314.17165721663633,0.8748805049347952,0.8910588071899223,5.8805217470464255
0.2,oven-1-c12-to-n13,48.0,0.9816576591608472,314.98707406399546,0.8944958278300768,0.9112095438594354,5.880160207090547
0.2,oven-1-c12-to-n13,49.0,0.9814734793947657,315.7909258533377,0.9141612930489927,0.9314172132421942,5.879802345922651
0.2,oven-1-c12-to-n13,50.0,0.9812911342397892,316.58367072289843,0.9338764839416922,0.9516813628049036,5.879448049403042
0.2,oven-1-c12-to-n13,51.0,0.9811106465057797,317.39286742038047,0.9536409947819317,0.97200147422548,5.879097361848203
0.2,oven-1-c12-to-n13,52.0,0.9809320073183864,318.2029951790252,0.9734544299733506,0.9923770686558823,5.878750266020773
0.2,oven-1-c12-to-n13,53.0,0.9807549931076428,318.95654554737496,0.993316403336857,1.012807898320672,5.878406327521942
0.2,oven-1-c12-to-n13,54.0,0.9805795750929098,319.700398463659,1.0132265374693725,1.0332935370118936,5.878065490432705
0.2,oven-1-c12-to-n13,55.0,0.9804057153067127,320.43490302460486,1.0331844631655847,1.053833578318503,5.87772768097932
0.2,oven-1-c12-to-n13,56.0,0.9802333765214667,321.16038984437876,1.0531898188953588,1.0744276252179772,5.877392826826925
0.2,oven-1-c12-to-n13,57.0,0.9800626575610166,321.9426945044554,1.0732422503305339,1.0950751383604431,5.877061119997942
0.2,oven-1-c12-to-n13,58.0,0.9798933725270335,322.7223650776211,1.0933414099155774,1.1157759002859406,5.876732199282094
0.2,oven-1-c12-to-n13,59.0,0.9797254713697986,323.4929766453619,1.1134869564772611,1.136529557530483,5.876405967440426
0.2,oven-1-c12-to-n13,60.0,0.9795589190086288,324.25482623780215,1.1336785548691743,1.1573357486413618,5.876082356309959
0.2,oven-1-c12-to-n13,61.0,0.979393685419075,325.0081969052431,1.153915875647354,1.1781941142019945,5.875761307549281
0.2,oven-1-c12-to-n13,62.0,0.9792297358246155,325.75335772173895,1.1741985947737676,1.1991043080252946,5.875442753591576
0.2,oven-1-c12-to-n13,63.0,0.9790671043586147,326.5566325169348,1.194526393344831,1.2200659056228462,5.875126760756581
0.2,oven-1-c12-to-n13,64.0,0.9789056786171232,327.36023996489195,1.2148989573423645,1.2410786696616405,5.87481311064364
0.2,oven-1-c12-to-n13,65.0,0.978745424487528,328.1555250481552,1.2353159774047886,1.2621422757113794,5.87450173697347
0.2,oven-1-c12-to-n13,66.0,0.9785863110929349,328.94273420582516,1.2557771486165583,1.2832564019969201,5.874192579747352
0.2,oven-1-c12-to-n13,67.0,0.9784283142034215,329.72210363961216,1.2762821703140717,1.3044207243257726,5.873885591891576
0.2,oven-1-c12-to-n13,68.0,0.9782714080412923,330.4938591573919,1.296830745906482,1.3256349263064056,5.873580723319872
0.2,oven-1-c12-to-n13,69.0,0.9781155663860446,331.27453913610174,1.317422582710011,1.346898697847784,5.8732779230814
0.2,oven-1-c12-to-n13,70.0,0.9779607407162062,332.109374776455,1.3380573917945193,1.3682117656528807,5.872977096903459
0.25,oven-1-c12-to-n13,5.0,1.653017783208266e-09,5.001608031139095,0.10914944828536065,66030413.825021,2.4601559857611047e-05
0.25,oven-1-c12-to-n13,6.0,1.1269425720161866e-08,6.0139738419161715,0.12443698815907325,11041999.05559038,0.0002252025696048897
0.25,oven-1-c12-to-n13,7.0,5.444090494032278e-08,7.090780063179308,0.1401637029631972,2574602.738820053,0.0014242373811546051
0.25,oven-1-c12-to-n13,8.0,2.3576836464006425e-07,8.49020513631738,0.1562207508870054,662602.6826181697,0.008080644405853989
0.25,oven-1-c12-to-n13,9.0,0.9689782712328294,277.33691058926183,0.1725377245259321,0.1780615000854587,5.607224164416054
0.25,oven-1-c12-to-n13,10.0,0.988157531041537,279.9657669699283,0.18906696855535476,0.19133282155535924,5.644489454017008
0.25,oven-1-c12-to-n13,11.0,0.9898876955736868,280.8537235007994,0.2057749783956045,0.20787709486210768,5.647851162602017
0.25,oven-1-c12-to-n13,12.0,0.9901813138901996,281.6093905840308,0.2226374300853555,0.22484511367990084,5.6484216628041946
0.25,oven-1-c12-to-n13,13.0,0.9900905062863478,282.3364213249105,0.23963617410525012,0.2420346145970862,5.648245223689712
0.25,oven-1-c12-to-n13,14.0,0.9898638173808733,283.05291045670003,0.2567573436660239,0.2593865329327726,5.647804767291291
0.25,oven-1-c12-to-n13,15.0,0.9895854690878854,283.76105586529974,0.27399012275193746,0.27687363174853197,5.647263936733988
0.25,oven-1-c12-to-n13,16.0,0.9892898042807557,284.4884882309405,0.2913259194985866,0.29447985639596225,5.646689460200285
0.25,oven-1-c12-to-n13,17.0,0.9889889555081656,285.2150111861899,0.30875779684344457,0.3121953942193395,5.646104911229531
0.25,oven-1-c12-to-n13,18.0,0.9886897740561459,285.9409005133285,0.326280071230633,0.33001258816711926,5.645523601859041
0.25,oven-1-c12-to-n13,19.0,0.988395376860715,286.6861774744698,0.3438880239221007,0.3479255690312294,5.6449515882923516
0.25,oven-1-c12-to-n13,20.0,0.9881064886529177,287.3794585033449,0.36157768949267877,0.36592988068079224,5.644390278690022
0.25,oven-1-c12-to-n13,21.0,0.9878238913147467,288.0616532691301,0.3793456983157368,0.3840215868952569,5.643841192240171
0.25,oven-1-c12-to-n13,22.0,0.987547292616666,288.7332328761439,0.3971891575125869,0.40219760661807913,5.643303761148132
0.25,oven-1-c12-to-n13,23.0,0.9872768522210661,289.4202416393724,0.41510555976136176,0.4204550717739439,5.642778295630938
0.25,oven-1-c12-to-n13,24.0,0.987012233134507,290.1093577073396,0.4330927125902581,0.43879163606195903,5.64226414091414
0.25,oven-1-c12-to-n13,25.0,0.9867530916348013,290.7906893436307,0.45114868294037563,0.45720523884342323,5.64176062914499
0.25,oven-1-c12-to-n13,26.0,0.9864994806670686,291.5020552989869,0.46927175325478143,0.4756938675096524,5.641267863196736
0.25,oven-1-c12-to-n13,27.0,0.9862507257047514,292.19378072933574,0.48746038636909156,0.4942560483499405,5.640784532464228
0.25,oven-1-c12-to-n13,28.0,0.9860068621088628,292.9019120873042,0.5057131971948619,0.5128901396418752,5.640310705649374
0.25,oven-1-c12-to-n13,29.0,0.9857676063900522,293.6211655967318,0.5240289296973393,0.5315947960760942,5.63984583194178
0.25,oven-1-c12-to-n13,30.0,0.9855325139774974,294.3227475746186,0.542406438037509,0.5503688922939926,5.639389047533647
0.25,oven-1-c12-to-n13,31.0,0.9853016736600342,295.0465491170144,0.5608446710174797,0.5692111218426612,5.638940524943727
0.25,oven-1-c12-to-n13,32.0,0.98507479564532,295.780437145314,0.5793426591670668,0.588120477478607,5.638499701105974
0.25,oven-1-c12-to-n13,33.0,0.9848515059928734,296.49807764753024,0.5978995039578172,0.6070960955225911,5.638065849452382
0.25,oven-1-c12-to-n13,34.0,0.9846317992971833,297.2222658742124,0.616514368742543,0.6261369673238285,5.637638959483141
0.25,oven-1-c12-to-n13,35.0,0.9844156798435876,297.9768136553789,0.6351864711035022,0.6452421310522259,5.637219039520465
0.25,oven-1-c12-to-n13,36.0,0.9842026785576432,298.71615930375793,0.6539150763575717,0.6644109903418363,5.636805178160453
0.25,oven-1-c12-to-n13,37.0,0.9839926678657447,299.44112643179704,0.6726994920171976,0.6836427892051938,5.63639712751823
0.25,oven-1-c12-to-n13,38.0,0.9837858481072956,300.2013149962533,0.6915390630452303,0.7029365835823735,5.635995276859498
0.25,oven-1-c12-to-n13,39.0,0.9835818980870905,300.96776198969,0.7104331677724426,0.7222918286256809,5.635599002099615
0.25,oven-1-c12-to-n13,40.0,0.9833805751605231,301.72049871964003,0.7293812143711318,0.7417079743028995,5.635207831779941
0.25,oven-1-c12-to-n13,41.0,0.9831817814136085,302.46019287248646,0.7483826377972025,0.7611844034794724,5.634821575658188
0.25,oven-1-c12-to-n13,42.0,0.982985725974924,303.23734232135587,0.7674368971289153,0.7807202860120601,5.634440640063569
0.25,oven-1-c12-to-n13,43.0,0.9827921265153419,304.0230178922512,0.7865434732427363,0.8003151958813113,5.634064476439182
0.25,oven-1-c12-to-n13,44.0,0.9826007683932964,304.79606878849637,0.8057018667768601,0.8199686919584916,5.633692667730694
0.25,oven-1-c12-to-n13,45.0,0.9824115749144572,305.5570528447648,0.8249115963411284,0.8396802495053634,5.633325064921173
0.25,oven-1-c12-to-n13,46.0,0.982224579950081,306.3258613202399,0.8441721969387574,0.8594492687015227,5.632961733821646
0.25,oven-1-c12-to-n13,47.0,0.9820398900135007,307.137451730176,0.8634832185707596,0.87927509600337,5.632602881395504
0.25,oven-1-c12-to-n13,48.0,0.9818571300521207,307.9372199769296,0.8828442249984466,0.8991575230009093,5.63224777890655
0.25,oven-1-c12-to-n13,49.0,0.9816762404329791,308.72564371417485,0.9022547926432365,0.9190960883858074,5.631896310492021
0.25,oven-1-c12-to-n13,50.0,0.9814971624421474,309.50317212966564,0.9217145096058705,0.9390903457249673,5.63154836206916
0.25,oven-1-c12-to-n13,51.0,0.9813199666561322,310.29687141103625,0.9412229747900432,0.959139737059748,5.6312040707702575
0.25,oven-1-c12-to-n13,52.0,0.9811446894881837,311.12955025578094,0.9607797971173668,0.9792437419383677,5.630863507342619
0.25,oven-1-c12-to-n13,53.0,0.980971037737864,311.9514230189064,0.9803845948225515,0.9994021812135607,5.630526102103344
0.25,oven-1-c12-to-n13,54.0,0.9807989647068796,312.76288390680844,1.00003699481917,1.0196146517324678,5.630191764311283
0.25,oven-1-c12-to-n13,55.0,0.9806284261931809,313.5643060652949,1.0197366321277395,1.0398807590010188,5.629860408087668
0.25,oven-1-c12-to-n13,56.0,0.9804593791861317,314.3560429281321,1.0394831493588492,1.060200117848546,5.629531949862098
0.25,oven-1-c12-to-n13,57.0,0.9802920462853216,315.21005388256964,1.0592761962451411,1.0805720603968163,5.62920682214076
0.25,oven-1-c12-to-n13,58.0,0.9801261221848148,316.0613758926746,1.0791154292166572,1.1009964991150156,5.628884431721625
0.25,oven-1-c12-to-n13,59.0,0.9799615429006936,316.9029796486075,1.0990005110147947,1.121473101650239,5.628564654277721
0.25,oven-1-c12-to-n13,60.0,0.9797982739877841,317.73518272117127,1.118931110340706,1.1420015119914946,5.628247422883786
0.25,oven-1-c12-to-n13,61.0,0.9796362694301525,318.48759920703515,1.138906901534484,1.1625813958449887,5.6279326481284535
0.25,oven-1-c12-to-n13,62.0,0.9794754922756049,319.21977429798665,1.1589275642818895,1.1832124166673794,5.627620258219482
0.25,oven-1-c12-to-n13,63.0,0.9793161068006869,320.0091333745218,1.178992783345843,1.203893998228495,5.627310572345262
0.25,oven-1-c12-to-n13,64.0,0.9791579078813258,320.7988288649222,1.1991022483201081,1.2246260165683507,5.627003191946034
0.25,oven-1-c12-to-n13,65.0,0.9790008471925313,321.58034506517464,1.2192556534029952,1.2454081698697603,5.626698023126665
0.25,oven-1-c12-to-n13,66.0,0.978844898892603,322.353924482673,1.2394526971891004,1.2662401352771324,5.6263950156794
0.25,oven-1-c12-to-n13,67.0,0.9786900400496911,323.11979923791546,1.2596930824773451,1.2871215920552197,5.626094125044337
0.25,oven-1-c12-to-n13,68.0,0.9785362524498037,323.8781917879927,1.2799765160937482,1.308052218698364,5.625795315835604
0.25,oven-1-c12-to-n13,69.0,0.9783835331014153,324.64537452667673,1.3003027087275596,1.329031678002266,5.625498582240225
0.25,oven-1-c12-to-n13,70.0,0.9782319138016407,325.46585468200874,1.3206713747795096,1.35005958826989,5.625203986035862
0.30000000000000004,oven-1-c12-to-n13,5.0,1.9519133191799373e-09,5.001497195264237,0.10774990291236933,55202196.66190842,2.2594920911134623e-05
0.30000000000000004,oven-1-c12-to-n13,6.0,1.3297131536056254e-08,6.0129974049123,0.12282990087260907,9237323.142930925,0.0002066561684391705
0.30000000000000004,oven-1-c12-to-n13,7.0,6.398485647421876e-08,7.084036145920642,0.13834411482735734,2162138.394154247,0.0013010779001631334
0.30000000000000004,oven-1-c12-to-n13,8.0,2.717676842672731e-07,8.443384682084972,0.15418493384704116,567340.9414469093,0.007216389342560131
0.30000000000000004,oven-1-c12-to-n13,9.0,0.960793017978301,269.30605911756754,0.17028274305764438,0.17723145346742114,5.3430202225498125
0.30000000000000004,oven-1-c12-to-n13,10.0,0.9878758143209355,272.66707241205864,0.1865904218162592,0.18888044338297846,5.395642078609616
0.30000000000000004,oven-1-c12-to-n13,11.0,0.9898515120016171,273.56064494057773,0.20307484057842978,0.20515687263818416,5.3994808579445275
0.30000000000000004,oven-1-c12-to-n13,12.0,0.9902060375386946,274.3054039266328,0.21971194719119405,0.22188508134864637,5.400169700840196
0.30000000000000004,oven-1-c12-to-n13,13.0,0.9901396376599159,275.0182415679479,0.2364837946970012,0.2388388321226127,5.40004068591525
0.30000000000000004,oven-1-c12-to-n13,14.0,0.9899255031988466,275.71949506602505,0.2533766709349527,0.25595529170244724,5.399624622794976
0.30000000000000004,oven-1-c12-to-n13,15.0,0.9896549323527701,276.41207978530736,0.2703798804283555,0.2732062172272148,5.399098903811885
0.30000000000000004,oven-1-c12-to-n13,16.0,0.9893649758901468,277.12333644741375,0.2874849270323816,0.2905752013039748,5.398535518591684
0.30000000000000004,oven-1-c12-to-n13,17.0,0.9890687070484834,277.83359868886095,0.30468495095845394,0.308052361567151,5.397959868418704
0.30000000000000004,oven-1-c12-to-n13,18.0,0.9887735268935774,278.5431962523889,0.3219743319650922,0.32563000849814067,5.397386333567488
0.30000000000000004,oven-1-c12-to-n13,19.0,0.9884828480865133,279.2717600855058,0.3393484038924571,0.34330226826834825,5.396821544831029
0.30000000000000004,oven-1-c12-to-n13,20.0,0.9881974994223597,279.98869713010646,0.35680324551653536,0.36106471198834333,5.396267112558202
0.30000000000000004,oven-1-c12-to-n13,21.0,0.9879185238254904,280.730916165466,0.3743355247901554,0.378913357490885,5.395725063149675
0.30000000000000004,oven-1-c12-to-n13,22.0,0.9876455295346055,281.4617345871191,0.3919423811180802,0.39684519333851465,5.395194635414819
0.30000000000000004,oven-1-c12-to-n13,23.0,0.9873787271304176,282.20953929700096,0.409621335180655,0.41485736316309185,5.394676238514579
0.30000000000000004,oven-1-c12-to-n13,24.0,0.9871177475018647,282.9598126902479,0.42737021901340183,0.43294755878411,5.39416915526107
0.30000000000000004,oven-1-c12-to-n13,25.0,0.9868622209129126,283.7017653524621,0.4451871211860628,0.451113754029651,5.393672667264258
0.30000000000000004,oven-1-c12-to-n13,26.0,0.9866122935311948,284.47665340539777,0.46307034337951986,0.4693539158346991,5.393187058520685
0.30000000000000004,oven-1-c12-to-n13,27.0,0.9863671694521211,285.230287789915,0.48101836566627876,0.4876666423655007,5.392710782588037
0.30000000000000004,oven-1-c12-to-n13,28.0,0.9861269707377384,286.00199980326624,0.4990298185082046,0.5060502686939714,5.392244076638848
0.30000000000000004,oven-1-c12-to-n13,29.0,0.9858914009147788,286.78603211884825,0.5171034599897567,0.5245034691548706,5.391786364625847
0.30000000000000004,oven-1-c12-to-n13,30.0,0.9856598865623608,287.497421654612,0.535238157169241,0.543025200138727,5.391336532385376
0.30000000000000004,oven-1-c12-to-n13,31.0,0.9854325053440255,288.2065367821003,0.5534328706967039,0.5616141822960207,5.390894730823764
0.30000000000000004,oven-1-c12-to-n13,32.0,0.9852090113383548,288.9255521177856,0.5716866420436951,0.5802694001621937,5.390460482109973
0.30000000000000004,oven-1-c12-to-n13,33.0,0.9849890152235553,289.628632933675,0.5899985828368535,0.5989900128002402,5.390033029801339
0.30000000000000004,oven-1-c12-to-n13,34.0,0.984772578408537,290.3381469860883,0.6083678658978545,0.6177749860592386,5.389612493206667
0.30000000000000004,oven-1-c12-to-n13,35.0,0.9845597573436632,291.0774596073457,0.6267937176763744,0.6366233364721918,5.389198982011419
0.30000000000000004,oven-1-c12-to-n13,36.0,0.9843500048970557,291.8018666170231,0.6452754118272155,0.6555345239163168,5.388791433141142
0.30000000000000004,oven-1-c12-to-n13,37.0,0.9841431992661868,292.51217571355033,0.6638122637326076,0.6745077995027251,5.388389609934485
0.30000000000000004,oven-1-c12-to-n13,38.0,0.9839396381452031,293.257056805294,0.6824036258095945,0.693542163923769,5.387994090806616
0.30000000000000004,oven-1-c12-to-n13,39.0,0.9837389470804357,294.0080910220864,0.7010488834727572,0.712637113284319,5.387604148193924
0.30000000000000004,oven-1-c12-to-n13,40.0,0.9835408485220898,294.7456837271613,0.7197474516468604,0.7317921291508974,5.387219242821541
0.30000000000000004,oven-1-c12-to-n13,41.0,0.9833452470297103,295.47048947940215,0.7384987717427843,0.7510066011642315,5.386839189246784
0.30000000000000004,oven-1-c12-to-n13,42.0,0.9831524470557573,296.23206239820905,0.7573023090257334,0.770279635974689,5.386464579017542
0.30000000000000004,oven-1-c12-to-n13,43.0,0.9829621135958249,297.0020150817822,0.7761575503168091,0.7896108502875119,5.386094761226012
0.30000000000000004,oven-1-c12-to-n13,44.0,0.9827739928619914,297.75959140893286,0.7950640019790697,0.8089998389799867,5.38572924275988
0.30000000000000004,oven-1-c12-to-n13,45.0,0.9825880097837272,298.5053381546749,0.8140211881472597,0.8284460832434033,5.385367877757163
0.30000000000000004,oven-1-c12-to-n13,46.0,0.9824042327887809,299.25877553710865,0.8330286491669979,0.847948961704139,5.385010799172921
0.30000000000000004,oven-1-c12-to-n13,47.0,0.9822228413582662,300.0542123424309,0.852085940214648,0.8675077633465961,5.384658355741174
0.30000000000000004,oven-1-c12-to-n13,48.0,0.9820433521096084,300.83806012792655,0.8711926300735083,0.8871223741823898,5.3843096082459345
0.30000000000000004,oven-1-c12-to-n13,49.0,0.9818657085160767,301.61078720731814,0.8903483000457892,0.9067923365929538,5.383964446856412
0.30000000000000004,oven-1-c12-to-n13,50.0,0.9816898529163758,302.37283379932865,0.9095525429826894,0.9265172093616095,5.383622759535408
0.30000000000000004,oven-1-c12-to-n13,51.0,0.9815159070390472,303.1507643348073,0.9288049624177133,0.9462963929129301,5.38328478280646
0.30000000000000004,oven-1-c12-to-n13,52.0,0.9813439501823371,303.96696641106917,0.9481051717903254,0.9661293286764178,5.3829506707432895
0.30000000000000004,oven-1-c12-to-n13,53.0,0.9811735958175202,304.77257652146244,0.9674527937489275,0.9860159281425012,5.382619672322587
0.30000000000000004,oven-1-c12-to-n13,54.0,0.9810047957442216,305.56798072684495,0.9868474595236376,1.0059557953281804,5.382291693888437
0.30000000000000004,oven-1-c12-to-n13,55.0,0.9808375137621994,306.3535454123795,1.006288808360705,1.025948533005107,5.381966665101251
0.30000000000000004,oven-1-c12-to-n13,56.0,0.9806717013160675,307.1296162910896,1.0257764870113513,1.0459937669606993,5.3816444916270845
0.30000000000000004,oven-1-c12-to-n13,57.0,0.9805077187070237,307.96682787872606,1.0453101492689334,1.0660906888600157,5.381325873520228
0.30000000000000004,oven-1-c12-to-n13,58.0,0.9803451370463189,308.8014150233444,1.0648894555489878,1.0862393409298612,5.381009977458208
0.30000000000000004,oven-1-c12-to-n13,59.0,0.98018388478182,309.62647779822436,1.0845140725074598,1.10643940320327,5.3806966644082825
0.30000000000000004,oven-1-c12-to-n13,60.0,0.9800239208023375,310.442326714145,1.1041836726929923,1.1266905319913072,5.380385854499179
0.30000000000000004,oven-1-c12-to-n13,61.0,0.9798652152081841,311.2492582187221,1.1238979342296662,1.1469923789374241,5.380077489629488
0.30000000000000004,oven-1-c12-to-n13,62.0,0.9797077355606345,312.0475544029026,1.14365654052697,1.1673446059630388,5.379771506776045
0.30000000000000004,oven-1-c12-to-n13,63.0,0.9795517743178425,312.9084766648705,1.1634591800142693,1.1877464882593873,5.379468474178997
0.30000000000000004,oven-1-c12-to-n13,64.0,0.9793969898635454,313.7699650685039,1.1833055458972124,1.2081980628325972,5.379167728084058
0.30000000000000004,oven-1-c12-to-n13,65.0,0.9792433109960698,314.62271379041795,1.2031953359339447,1.2286990602060632,5.3788691301410845
0.30000000000000004,oven-1-c12-to-n13,66.0,0.9790907113277006,315.4669808758072,1.2231282522291538,1.2492491636148042,5.378572629084369
0.30000000000000004,oven-1-c12-to-n13,67.0,0.9789391656878995,316.3030131306304,1.2431040010442322,1.2698480606511482,5.378278176000832
0.30000000000000004,oven-1-c12-to-n13,68.0,0.9787886486391287,317.13104671178604,1.2631222926220194,1.2904954449341208,5.377985721473856
0.30000000000000004,oven-1-c12-to-n13,69.0,0.9786392017032471,317.9575147166338,1.2831828410247479,1.3111909259218981,5.377695346170939
0.30000000000000004,oven-1-c12-to-n13,70.0,0.9784909124786231,318.76339288299846,1.3032853639839763,1.3319340500389665,5.377407220302008
0.35000000000000003,oven-1-c12-to-n13,5.0,2.2392774462804928e-09,5.001386195204916,0.10635038230855813,47493169.05111928,2.0631868958704908e-05
0.35000000000000003,oven-1-c12-to-n13,6.0,1.5243369765091947e-08,6.0120214679524056,0.12122283676310297,7952495.978986819,0.00018853953347844503
0.35000000000000003,oven-1-c12-to-n13,7.0,7.306757057562662e-08,7.077360649691842,0.1365245485028448,1868469.7934706716,0.0011817351652945167
0.35000000000000003,oven-1-c12-to-n13,8.0,3.0473205463896014e-07,8.399419201790563,0.15214913744018121,499288.26037170325,0.006415337943489417
0.35000000000000003,oven-1-c12-to-n13,9.0,0.9429478451813939,260.34905700613314,0.16802778119702952,0.17819414091211608,5.060047063159145
0.35000000000000003,oven-1-c12-to-n13,10.0,0.9874958647127982,265.33224874174346,0.18411389378416806,0.18644523016581488,5.146603836761308
0.35000000000000003,oven-1-c12-to-n13,11.0,0.989784445229332,266.2369789069704,0.20037472067022052,0.20244278603892782,5.151050547248641
0.35000000000000003,oven-1-c12-to-n13,12.0,0.990212083918664,266.97159846644024,0.21678648149317586,0.21892934353544277,5.15188144894988
0.35000000000000003,oven-1-c12-to-n13,13.0,0.9901739249129702,267.67031482850155,0.23333143184352756,0.235646916135502,5.1518073060261855
0.35000000000000003,oven-1-c12-to-n13,14.0,0.9899737624592353,268.35620760573534,0.24999601417777348,0.252527919080146,5.151418390505867
0.35000000000000003,oven-1-c12-to-n13,15.0,0.9897114773086386,269.03303428215764,0.2667696535494417,0.26954285129124594,5.150908770627725
0.35000000000000003,oven-1-c12-to-n13,16.0,0.9894273618148582,269.72787963743514,0.2836439495261105,0.28667485908802465,5.150356734402831
0.35000000000000003,oven-1-c12-to-n13,17.0,0.9891356134860901,270.421629551716,0.30061211958727097,0.3039139582971839,5.14978986758437
0.35000000000000003,oven-1-c12-to-n13,18.0,0.9888442851015748,271.1146759598703,0.3176686068009729,0.3212524070646186,5.149223816720096
0.35000000000000003,oven-1-c12-to-n13,19.0,0.9885571361335665,271.8262564045939,0.3348087975815263,0.33868431610440514,5.148665886458709
0.35000000000000003,oven-1-c12-to-n13,20.0,0.988275082763737,272.5264575679061,0.3520288149026544,0.356205292476055,5.1481178569384625
0.35000000000000003,oven-1-c12-to-n13,21.0,0.9879993330717779,273.2513976205339,0.36932536429374646,0.37381134979664515,5.147582075462406
0.35000000000000003,oven-1-c12-to-n13,22.0,0.9877294712711026,273.96519407293164,0.38669561744054193,0.3914995235921288,5.147057734157251
0.35000000000000003,oven-1-c12-to-n13,23.0,0.9874657905315511,274.69562190069155,0.4041371230234743,0.40926696083914765,5.14654540264629
0.35000000000000003,oven-1-c12-to-n13,24.0,0.9872079125308794,275.4284798889145,0.4216477375835546,0.4271113837637172,5.146044345857283
0.35000000000000003,oven-1-c12-to-n13,25.0,0.9869554576243048,276.15321253702274,0.43922557131757173,0.44503079437326304,5.145553826134799
0.35000000000000003,oven-1-c12-to-n13,26.0,0.9867086580453789,276.91018616274977,0.4568689451428292,0.4630231440837501,5.145074294709644
0.35000000000000003,oven-1-c12-to-n13,27.0,0.9864666180168619,277.64638153700866,0.47457635636749834,0.4810870917472712,5.144604011086052
0.35000000000000003,oven-1-c12-to-n13,28.0,0.9862295390233594,278.4002821841689,0.4923464510026757,0.49922095366382474,5.144143366754735
0.35000000000000003,oven-1-c12-to-n13,29.0,0.9859971153340881,279.16625572214576,0.5101780012510788,0.5174234217492755,5.143691767672184
0.35000000000000003,oven-1-c12-to-n13,30.0,0.9857687703602224,279.9135410481222,0.528069887067485,0.5356934637668794,5.14324809353326
0.35000000000000003,oven-1-c12-to-n13,31.0,0.9855447771432585,280.6847617651576,0.5460210809491218,0.5540297037866118,5.142812874855243
0.35000000000000003,oven-1-c12-to-n13,32.0,0.9853247894844244,281.46696290994873,0.5640306353085948,0.5724311834311266,5.142385438974118
0.35000000000000003,oven-1-c12-to-n13,33.0,0.9851083107204873,282.2319894474632,0.5820976719270261,0.5908971283587002,5.141964820875712
0.35000000000000003,oven-1-c12-to-n13,34.0,0.9848954399167783,283.00421117640167,0.6002213730944055,0.609426492161567,5.141551213037399
0.35000000000000003,oven-1-c12-to-n13,35.0,0.9846862915174484,283.8091104787487,0.6184009741273322,0.6280182627244124,5.14114483783058
0.35000000000000003,oven-1-c12-to-n13,36.0,0.9844801841020236,284.5979491595282,0.6366357570180835,0.6466719872058976,5.140744371253563
0.35000000000000003,oven-1-c12-to-n13,37.0,0.9842769919882667,285.3715953501998,0.6549250450182653,0.6653869290343755,5.140349569105817
0.35000000000000003,oven-1-c12-to-n13,38.0,0.9840771455779792,286.1831476504204,0.6732681979987419,0.6841620100864252,5.139961267660111
0.35000000000000003,oven-1-c12-to-n13,39.0,0.9838801879713841,287.00161284484943,0.6916646084575645,0.7029967844801053,5.139578579156606
0.35000000000000003,oven-1-c12-to-n13,40.0,0.9836856637751515,287.72607264168107,0.7101136980716518,0.7218908684166488,5.139200618764044
0.35000000000000003,oven-1-c12-to-n13,41.0,0.9834934453497531,288.4357681397356,0.7286149147065769,0.7408436915890827,5.138827138487939
0.35000000000000003,oven-1-c12-to-n13,42.0,0.9833040291710867,289.1815232888656,0.7471677298142245,0.7598542339382843,5.138459102974173
0.35000000000000003,oven-1-c12-to-n13,43.0,0.9831170423247345,289.93550379422476,0.7657716361600906,0.7789221457796148,5.138095787647684
0.35000000000000003,oven-1-c12-to-n13,44.0,0.9829322033532989,290.67735662194804,0.784426145831874,0.7980470506061189,5.1377366456438125
0.35000000000000003,oven-1-c12-to-n13,45.0,0.9827494499756276,291.40761838333725,0.803130788489015,0.8172284283740203,5.137381555949056
0.35000000000000003,oven-1-c12-to-n13,46.0,0.9825689034605088,292.1454330927479,0.8218851098193484,0.8364656228430919,5.13703075418544
0.35000000000000003,oven-1-c12-to-n13,47.0,0.9823908143219954,292.92444838525034,0.8406886701744087,0.8557578693919451,5.136684727101862
0.35000000000000003,oven-1-c12-to-n13,48.0,0.9822145930059608,293.69211071549495,0.8595410433593167,0.8751051445171314,5.1363423291986985
0.35000000000000003,oven-1-c12-to-n13,49.0,0.9820401847576088,294.4488787767254,0.8784418155569251,0.8945069959369797,5.13600345408323
0.35000000000000003,oven-1-c12-to-n13,50.0,0.9818675352602856,295.1951839239251,0.8973905843687445,0.9139629859855313,5.1356679962182845
0.35000000000000003,oven-1-c12-to-n13,51.0,0.9816968234735012,295.957079894239,0.9163869579579591,0.9334724693470449,5.135336303325986
0.35000000000000003,oven-1-c12-to-n13,52.0,0.9815281769731593,296.7565256401094,0.93543055428176,0.9530348452822257,5.135008623282468
0.35000000000000003,oven-1-c12-to-n13,53.0,0.9813611062540911,297.5455963763437,0.9545210004021251,0.9726501226909061,5.1346840049797935
0.35000000000000003,oven-1-c12-to-n13,54.0,0.9811955679349492,298.3246705288926,0.9736579318656089,0.992317906525807,5.1343623641310465
0.35000000000000003,oven-1-c12-to-n13,55.0,0.9810315199970229,299.09410621891186,0.9928409921440913,1.012037811126705,5.13404361909203
0.35000000000000003,oven-1-c12-to-n13,56.0,0.9808689207130035,299.8542425847288,1.0120698321293304,1.031809460731661,5.1337276887898
0.35000000000000003,oven-1-c12-to-n13,57.0,0.9807082761614511,300.6743644633092,1.0313441096753069,1.051631901906699,5.133415556526554
0.35000000000000003,oven-1-c12-to-n13,58.0,0.9805490272143274,301.49192690370523,1.0506634891829685,1.0715053098036633,5.133106135924381
0.35000000000000003,oven-1-c12-to-n13,59.0,0.980391080795129,302.3001606707696,1.070027641222728,1.0914293919880431,5.132799246130286
0.35000000000000003,oven-1-c12-to-n13,60.0,0.9802344035862419,303.0993704135249,1.0894362421906458,1.1114038011774356,5.132494822415317
0.35000000000000003,oven-1-c12-to-n13,61.0,0.9800789649656786,303.8898462814274,1.108888973994717,1.1314281947001579,5.132192805274219
0.35000000000000003,oven-1-c12-to-n13,62.0,0.9799247317178305,304.67186433556486,1.1283855237680935,1.1515022401669646,5.131893130169846
0.35000000000000003,oven-1-c12-to-n13,63.0,0.9797721449660576,305.51533262832885,1.14792558360652,1.171625045174445,5.13159665420825
0.35000000000000003,oven-1-c12-to-n13,64.0,0.9796207349685869,306.359371880975,1.167508850327472,1.1917967930363478,5.131302464680159
0.35000000000000003,oven-1-c12-to-n13,65.0,0.9794704107561838,307.19485253462403,1.1871350252488715,1.2120172413706338,5.13101038483364
0.35000000000000003,oven-1-c12-to-n13,66.0,0.9793211471408508,308.0220272405833,1.2068038139854425,1.2322860764405346,5.130720365722948
0.35000000000000003,oven-1-c12-to-n13,67.0,0.9791729200629534,308.84113772086147,1.226514926261,1.252602988838932,5.130432360602812
0.35000000000000003,oven-1-c12-to-n13,68.0,0.9790257066927645,309.6524153415611,1.2462680757351547,1.2729676730809845,5.1301463251182
0.35000000000000003,oven-1-c12-to-n13,69.0,0.9788795776241089,310.47331420485244,1.266062979843076,1.293379705515979,5.129862396432343
0.35000000000000003,oven-1-c12-to-n13,70.0,0.9787347512995763,311.351608283871,1.2858993596471069,1.3138384612783733,5.12958099897753
0.4,oven-1-c12-to-n13,5.0,2.5146530073065814e-09,5.001275140938124,0.1049508874366521,41735733.37224124,1.8714121585783743e-05
0.4,oven-1-c12-to-n13,6.0,1.710522044512502e-08,6.011047002784136,0.11961579673180052,6992940.962996531,0.00017086743261145518
0.4,oven-1-c12-to-n13,7.0,8.168107833284598e-08,7.070758744523438,0.13470500483807663,1649158.0129385781,0.001066248072669346
0.4,oven-1-c12-to-n13,8.0,3.3483551863725655e-07,8.358034063268617,0.1501133624692037,448319.7095700852,0.005671858340841707
0.4,oven-1-c12-to-n13,9.0,0.8758737893630119,245.52642851665428,0.1657728397071089,0.18926567014600232,4.681422215460564
0.4,oven-1-c12-to-n13,10.0,0.9869753792309806,257.82303455179164,0.1816373851871581,0.18403436297335413,4.897292533888017
0.4,oven-1-c12-to-n13,11.0,0.989676548838548,258.85226933860184,0.1976746193680737,0.199736590303224,4.902540904726949
0.4,oven-1-c12-to-n13,12.0,0.990194546969134,259.61162907130813,0.21386103366071477,0.21597880367582065,4.903547374752144
0.4,oven-1-c12-to-n13,13.0,0.9901900519024727,260.2964362945303,0.2301790861893259,0.23245950183712516,4.903538640821985
0.4,oven-1-c12-to-n13,14.0,0.9900059477046206,260.96690756078425,0.24661537401640926,0.24910494183211687,4.90318092650349
0.4,oven-1-c12-to-n13,15.0,0.9897527858209476,261.62781519826956,0.2631594427165559,0.2658840131460494,4.902689033101371
0.4,oven-1-c12-to-n13,16.0,0.9894748325801769,262.30603856110685,0.27980298756227934,0.28277928689975745,4.902148970132204
0.4,oven-1-c12-to-n13,17.0,0.9891876537697805,262.98304270801333,0.29653930329505374,0.2997806353172187,4.901590981887368
0.4,oven-1-c12-to-n13,18.0,0.9889000943130563,263.6592931574387,0.3133628962873956,0.3168802370325129,4.9010322540475775
0.4,oven-1-c12-to-n13,19.0,0.9886163305967178,264.35363267055016,0.3302692055235434,0.33407217269433187,4.900480901326343
0.4,oven-1-c12-to-n13,20.0,0.988337386974889,265.03684041505795,0.34725439817140485,0.35135208153390196,4.899938914019367
0.4,oven-1-c12-to-n13,21.0,0.9880646694789621,265.7442332982332,0.36431521733391975,0.3687159642354531,4.899409024060007
0.4,oven-1-c12-to-n13,22.0,0.987797733543572,266.44074181978567,0.381448866975235,0.38616090523597985,4.898890367707404
0.4,oven-1-c12-to-n13,23.0,0.9875369701189277,267.1535199612207,0.3986529237736644,0.40368405015323644,4.898383704539794
0.4,oven-1-c12-to-n13,24.0,0.9872819905714494,267.8686880766541,0.4159252687738004,0.4212831518713903,4.897888279440752
0.4,oven-1-c12-to-n13,25.0,0.9870324043256575,268.5759284785729,0.4332640337978224,0.43895624084786683,4.897403333524006
0.4,oven-1-c12-to-n13,26.0,0.9867885387376648,269.3147032003065,0.4506675589980062,0.45670124986911204,4.89692950284171
0.4,oven-1-c12-to-n13,27.0,0.9865493924606574,270.03318240464336,0.468134358916919,0.4745168995029185,4.896464841777685
0.4,oven-1-c12-to-n13,28.0,0.9863152495538418,270.768987512001,0.4856630951137688,0.49240148657689087,4.896009902258742
0.4,oven-1-c12-to-n13,29.0,0.9860857966087536,271.5166133460935,0.5032525539085383,0.5103537193612092,4.895564075332439
0.4,oven-1-c12-to-n13,30.0,0.985860391163689,272.2459860950369,0.5209016281515958,0.5283726101793524,4.895126112697993
0.4,oven-1-c12-to-n13,31.0,0.9856394006086735,272.9987776890328,0.5386093021865624,0.546456748638446,4.894696728190864
0.4,oven-1-c12-to-n13,32.0,0.9854224513314997,273.7623232739044,0.556374639366396,0.5646051991352788,4.8942751958823525
0.4,oven-1-c12-to-n13,33.0,0.9852089848070302,274.5090949284341,0.5741967716260689,0.582817230131671,4.893860430559617
0.4,oven-1-c12-to-n13,34.0,0.9849991542815,275.26291948557224,0.5920748907233154,0.6010917757134522,4.893452729981993
0.4,oven-1-c12-to-n13,35.0,0.9847931313219117,276.04871381574026,0.6100082408411427,0.6194277980212086,4.893052427504879
0.4,oven-1-c12-to-n13,36.0,0.9845901258711972,276.8188230321442,0.627996112308836,0.6378249139490046,4.8926579880424
0.4,oven-1-c12-to-n13,37.0,0.9843900121343141,277.5740946648153,0.6460378362469528,0.6562823964926665,4.892269167177688
0.4,oven-1-c12-to-n13,38.0,0.984193342770669,278.36645094496754,0.6641327799797916,0.6747990980208692,4.891887038731235
0.4,oven-1-c12-to-n13,39.0,0.9839995901145919,279.1655864772799,0.6822803430885203,0.6933746212323778,4.891510577441805
0.4,oven-1-c12-to-n13,40.0,0.9838083667316345,279.9505845974224,0.7004799540018901,0.7120085350859479,4.89113903053231
0.4,oven-1-c12-to-n13,41.0,0.9836195782376926,280.7221319629927,0.7187310670398682,0.7307002452386996,4.89077221460679
0.4,oven-1-c12-to-n13,42.0,0.9834337923551015,281.53315164073445,0.7370331598407497,0.749448682331448,4.890411232756673
0.4,oven-1-c12-to-n13,43.0,0.9832505194480082,282.35334167524854,0.7553857311141725,0.768253579503057,4.890055133613275
0.4,oven-1-c12-to-n13,44.0,0.9830693922690463,283.1605239756469,0.7737882986722457,0.7871146276726674,4.889703203621361
0.4,oven-1-c12-to-n13,45.0,0.9828903362509381,283.9552714521005,0.7922403976988929,0.8060313225997867,4.889355297890547
0.4,oven-1-c12-to-n13,46.0,0.9827135255756597,284.7584476036674,0.8107415792239632,0.8250029719994362,4.889011754861017
0.4,oven-1-c12-to-n13,47.0,0.9825393121448036,285.6067553895117,0.8292914087739806,0.8440287309865544,4.888673258275714
0.4,oven-1-c12-to-n13,48.0,0.9823669327654612,286.4428945073179,0.8478894651757185,0.8631087192530239,4.888338325251323
0.4,oven-1-c12-to-n13,49.0,0.9821963156605186,287.2425325491577,0.8665353394925113,0.8822425065907253,4.888006816325007
0.4,oven-1-c12-to-n13,50.0,0.9820272432674122,287.97287762013315,0.8852286340760351,0.9014298128132294,4.887678308775857
0.4,oven-1-c12-to-n13,51.0,0.981860011284384,288.718502122319,0.9039689617190149,0.9206699033770823,4.887353377136182
0.4,oven-1-c12-to-n13,52.0,0.9816948564302942,289.50093418898746,0.9227559448962401,0.9399620858273907,4.887032481361692
0.4,oven-1-c12-to-n13,53.0,0.9815311945229536,290.273205963287,0.9415892150831444,0.9593064594760823,4.886714486381096
0.4,oven-1-c12-to-n13,54.0,0.9813690017914668,291.0356895272654,0.9604684121426057,0.978702618881677,4.886399346003907
0.4,oven-1-c12-to-n13,55.0,0.9812082492796932,291.7887364744209,0.9793931837720281,0.998150173004561,4.88608700397583
0.4,oven-1-c12-to-n13,56.0,0.981048904467154,292.53267946425046,0.9983631850036072,1.0176487435617263,4.885777397108652
0.4,oven-1-c12-to-n13,57.0,0.9808916444736677,293.3354306361187,1.0173780777518553,1.0371972108068732,4.885471841039146
0.4,oven-1-c12-to-n13,58.0,0.9807357602857933,294.13568629199176,1.0364375304030415,1.0567958999486429,4.8851689581632725
0.4,oven-1-c12-to-n13,59.0,0.9805811469421629,294.92681127835755,1.0555412174419638,1.0764445357057455,4.884868544536191
0.4,oven-1-c12-to-n13,60.0,0.9804277753693477,295.70910399240404,1.0746888191120214,1.096142771666341,4.884570543667757
0.4,oven-1-c12-to-n13,61.0,0.9802756149844236,296.48284824829244,1.0938800211050523,1.1158902704342326,4.88427489613632
0.4,oven-1-c12-to-n13,62.0,0.9801246374536116,297.24831456309687,1.1131145142777994,1.1356866991627705,4.883981546887271
0.4,oven-1-c12-to-n13,63.0,0.9799754438660883,298.0740327313024,1.1323919943923224,1.1555309895571848,4.883691663843324
0.4,oven-1-c12-to-n13,64.0,0.9798274253601811,298.9003256394472,1.1517121618778599,1.1754234797566465,4.883404063978855
0.4,oven-1-c12-to-n13,65.0,0.979680469282002,299.7182432090225,1.1710747216120532,1.1953639562400609,4.883118528414432
0.4,oven-1-c12-to-n13,66.0,0.9795345517110944,300.5280326692896,1.1904793827196076,1.2153521084478598,4.882835010666717
0.4,oven-1-c12-to-n13,67.0,0.9793896494786536,301.32993047778746,1.2099258583867065,1.2353876304806481,4.882553465722695
0.4,oven-1-c12-to-n13,68.0,0.9792457397380153,302.12416294516066,1.2294138656896803,1.255470221416122,4.882273849185136
0.4,oven-1-c12-to-n13,69.0,0.9791029356657884,302.9278420239256,1.2489431254365873,1.275599408337294,4.881996380963648
0.4,oven-1-c12-to-n13,70.0,0.9789615594908818,303.7878067079537,1.2685133620205098,1.2957744353927565,4.8817216871484215
0.45,oven-1-c12-to-n13,5.0,2.7775581846090155e-09,5.001164155216892,0.10355141930992248,37281458.182845935,1.6843489937824026e-05
0.45,oven-1-c12-to-n13,6.0,1.8879611140449712e-08,6.0100750991534655,0.11800878172728813,6250593.873432774,0.00015365538578758283
0.45,oven-1-c12-to-n13,7.0,8.981689517112024e-08,7.0642360868418255,0.13288548472604955,1479515.457229673,0.0009546584465794242
0.45,oven-1-c12-to-n13,8.0,3.622263691561249e-07,8.318999089496517,0.14807760977907933,408798.53701444826,0.0049811514520420675
0.45,oven-1-c12-to-n13,9.0,2.9430948466067106e-06,13.12736317019006,0.1635179193910137,55559.85379796521,0.06569202337992647
0.45,oven-1-c12-to-n13,10.0,0.986246683516474,249.58377659716123,0.17916089679158503,0.18165931484077064,4.647576678559246
0.45,oven-1-c12-to-n13,11.0,0.9895102229893213,250.64587077265747,0.19497453740574094,0.19704145836585768,4.65391773368015
0.45,oven-1-c12-to-n13,12.0,0.9901412853231046,251.44416140620478,0.21093560439842665,0.2130358641995155,4.65514388738997
0.45,oven-1-c12-to-n13,13.0,0.9901774972876535,252.19030788841897,0.22702675841278716,0.22927885054414066,4.655214247154125
0.45,oven-1-c12-to-n13,14.0,0.9900123251646408,252.9186509232543,0.2432347511054923,0.24568860904336917,4.654893317820583
0.45,oven-1-c12-to-n13,15.0,0.9897696745744842,253.63584844329705,0.25954924856266354,0.26223196692124096,4.654421847877989
0.45,oven-1-c12-to-n13,16.0,0.9894987270004533,254.3716381505474,0.2759620417540337,0.27889074965319005,4.653895396911723
0.45,oven-1-c12-to-n13,17.0,0.9892167022575643,255.10608348243503,0.2924665026766894,0.29565463463084485,4.6533474230229395
0.45,oven-1-c12-to-n13,18.0,0.9889334022554698,255.8397967494065,0.30905720100236656,0.31251568639252847,4.652796971299645
0.45,oven-1-c12-to-n13,19.0,0.9886535201480079,256.59331597212895,0.3257296282808461,0.32946792950485043,4.652253160541758
0.45,oven-1-c12-to-n13,20.0,0.9883781756157468,257.3348965889054,0.3424799958705297,0.3465070398354042,4.651718166378199
0.45,oven-1-c12-to-n13,21.0,0.988109041133064,258.10296574130706,0.35930508444477877,0.36362898170910757,4.651195238248
0.45,oven-1-c12-to-n13,22.0,0.9878455954307893,258.8593861809516,0.3762021302434771,0.3808309031123626,4.650683363417291
0.45,oven-1-c12-to-n13,23.0,0.9875882821040417,259.5873376437145,0.393168737940525,0.3981099665367485,4.650183403790081
0.45,oven-1-c12-to-n13,24.0,0.9873364358788664,260.28459397017775,0.4102028130821137,0.41546406895940824,4.649694066714613
0.45,oven-1-c12-to-n13,25.0,0.9870897920019682,260.97410660799716,0.4273025091140898,0.4328912248676539,4.649214837833013
0.45,oven-1-c12-to-n13,26.0,0.9868488769044853,261.6944283413742,0.4444661854221973,0.4503893106879586,4.648746739951987
0.45,oven-1-c12-to-n13,27.0,0.9866125745097502,262.39493769114836,0.4616923737820791,0.46795711478894847,4.648287604547826
0.45,oven-1-c12-to-n13,28.0,0.9863812989091846,263.11238409526254,0.4789797512998891,0.48559289579960746,4.6478382361822295
0.45,oven-1-c12-to-n13,29.0,0.9861547340656879,263.84139218329074,0.4963271184118456,0.5032953767464095,4.647398020848059
0.45,oven-1-c12-to-n13,30.0,0.98593216310379,264.55258616775615,0.513733380862991,0.5210636188657432,4.646965565589941
0.45,oven-1-c12-to-n13,31.0,0.985714072113662,265.28667265349276,0.5311975348425226,0.5388961666170375,4.646541814955937
0.45,oven-1-c12-to-n13,32.0,0.9855000556028013,266.0312812462286,0.5487186546430182,0.5567921092682061,4.646125980997761
0.45,oven-1-c12-to-n13,33.0,0.9852894836705827,266.75952095238745,0.5662958823526432,0.5747507628346676,4.645716839874357
0.45,oven-1-c12-to-n13,34.0,0.9850825785634931,267.49466779342526,0.5839284191962839,0.5927710345337784,4.6453148233492785
0.45,oven-1-c12-to-n13,35.0,0.9848795752851763,268.26106400953665,0.6016155182228191,0.6108518577498356,4.644920388087707
0.45,oven-1-c12-to-n13,36.0,0.9846795578662442,269.01215494887447,0.619356478098058,0.6289929278517524,4.644531754350553
0.45,oven-1-c12-to-n13,37.0,0.9844824083267119,269.748768055503,0.6371506378110675,0.6471935226288186,4.644148692920682
0.45,oven-1-c12-to-n13,38.0,0.9842888104269332,270.52162955920676,0.6549973721391793,0.6654524212817939,4.643772532324623
0.45,oven-1-c12-to-n13,39.0,0.9840981594221778,271.30113317767837,0.6728960877463106,0.6837692777938003,4.643402097543702
0.45,oven-1-c12-to-n13,40.0,0.9839100155314312,272.0668430856967,0.6908462198127094,0.7021437010574269,4.6430365340837
0.45,oven-1-c12-to-n13,41.0,0.983724284197662,272.81942896285915,0.7088472291124305,0.7205751047312767,4.642675658221844
0.45,oven-1-c12-to-n13,42.0,0.9835416713224977,273.61060018459307,0.7268985994698947,0.7390623302137127,4.642320841520149
0.45,oven-1-c12-to-n13,43.0,0.9833616074808652,274.4107510635847,0.7449998355386215,0.7576051676932263,4.641970977590432
0.45,oven-1-c12-to-n13,44.0,0.9831836713776546,275.1982115765526,0.7631504608548902,0.7762033514913345,4.641625247855125
0.45,oven-1-c12-to-n13,45.0,0.9830077856018543,275.9735401750485,0.7813500161268839,0.7948563862579138,4.6412835019067025
0.45,oven-1-c12-to-n13,46.0,0.9828341793500822,276.7571233763934,0.7995980577262631,0.8135635436030649,4.640946185070031
0.45,oven-1-c12-to-n13,47.0,0.9826633006165929,277.58482794124563,0.8178941563543478,0.8323239056970407,4.640614167797521
0.45,oven-1-c12-to-n13,48.0,0.982494236354543,278.40066165720117,0.8362378958593877,0.8511377114660474,4.640285676043881
0.45,oven-1-c12-to-n13,49.0,0.9823269291440838,279.2051021677287,0.8546288721850344,0.8700045237787437,4.639960598240469
0.45,oven-1-c12-to-n13,50.0,0.9821613234891221,279.99859887292456,0.8730666924329753,0.8889239186607463,4.639638826558256
0.45,oven-1-c12-to-n13,51.0,0.9819977538800407,280.8089402574133,0.8915509740253325,0.9078951255261659,4.6393210109138145
0.45,oven-1-c12-to-n13,52.0,0.9818364760100164,281.6595747943447,0.910081343954361,0.9269174309481212,4.639007648113064
0.45,oven-1-c12-to-n13,53.0,0.9816767086546456,282.49937192058286,0.9286574381088232,0.9459911088055827,4.63869722024325
0.45,oven-1-c12-to-n13,54.0,0.9815184089228127,283.3287253443068,0.9472789006678048,0.9651157757778739,4.638389643965029
0.45,oven-1-c12-to-n13,55.0,0.9813615334403739,284.14800752837175,0.9659453835541222,0.9842910595525309,4.638084835003793
0.45,oven-1-c12-to-n13,56.0,0.9812060446187596,284.95757182637516,0.9846565459403067,1.0035165919945874,4.637782720322555
0.45,oven-1-c12-to-n13,57.0,0.9810528538262115,285.8314554648066,1.003412053801304,1.0227910248544603,4.637485070711379
0.45,oven-1-c12-to-n13,58.0,0.980901027531197,286.70284828073585,1.0222115795086142,1.042114903357162,4.637190072313981
0.45,oven-1-c12-to-n13,59.0,0.9807503713691862,287.50931792908773,1.0410548014613348,1.0614880522634522,4.636897347487029
0.45,oven-1-c12-to-n13,60.0,0.9806007092278674,288.2744576654942,1.0599414037501211,1.0809102968982423,4.636606554041706
0.45,oven-1-c12-to-n13,61.0,0.980452102414254,289.0312244459247,1.0788710758505775,1.1003812151496006,4.636317811097421
0.45,oven-1-c12-to-n13,62.0,0.9803045752099617,289.77988778932286,1.0978435123429668,1.1199004269747803,4.636031165835451
0.45,oven-1-c12-to-n13,63.0,0.980158947991263,290.5875791874687,1.1168584126555945,1.1394666293099536,4.635748212243166
0.45,oven-1-c12-to-n13,64.0,0.9800144543971937,291.3958443195606,1.1359154808293985,1.1590803336957918,4.6354674612819124
0.45,oven-1-c12-to-n13,65.0,0.9798709707878416,292.1959170167872,1.1550144253016772,1.1787413442537396,4.635188672718737
0.45,oven-1-c12-to-n13,66.0,0.9797284820346637,292.9880397274106,1.1741549587070583,1.1984493461582508,4.634911817162204
0.45,oven-1-c12-to-n13,67.0,0.9795869711061502,293.7724441396229,1.193336797694038,1.218204031793646,4.6346368615185645
0.45,oven-1-c12-to-n13,68.0,0.9794464207858778,294.549351951156,1.2125596627556166,1.2380050986175393,4.634363772333433
0.45,oven-1-c12-to-n13,69.0,0.9793069895430901,295.3355267085637,1.2318232780726908,1.2578520231407884,4.634092857519995
0.45,oven-1-c12-to-n13,70.0,0.9791691245319156,296.1768566006599,1.251127371369034,1.277743895332817,4.633824985891358
0.5,oven-1-c12-to-n13,5.0,3.027484630729889e-09,5.001053374833934,0.1021519789955493,33741535.12083123,1.5021883473067397e-05
0.5,oven-1-c12-to-n13,6.0,2.056330523448512e-08,6.009106911506336,0.11640179274864228,5660655.785697033,0.0001369197091857219
0.5,oven-1-c12-to-n13,7.0,9.746597695688105e-08,7.057798873652233,0.13106598910730793,1344735.8062731114,0.0008470113230809113
0.5,oven-1-c12-to-n13,8.0,3.870304543868384e-07,8.282120102408443,0.1460418802597803,377339.50546902156,0.00433909117674733
0.5,oven-1-c12-to-n13,9.0,2.1894230244565358e-06,11.252929256783723,0.16126302109465637,73655.48790402692,0.03509192729428134
0.5,oven-1-c12-to-n13,10.0,0.9852056030555921,241.31824060880479,0.17668442940463147,0.1793376213621287,4.397253859818715
0.5,oven-1-c12-to-n13,11.0,0.9892740327775249,242.43531552934647,0.1922744755560689,0.19435916559563532,4.405158816179564
0.5,oven-1-c12-to-n13,12.0,0.9900509988394061,243.22612249495253,0.20801019444847355,0.21010048441172718,4.406668460743368
0.5,oven-1-c12-to-n13,13.0,0.9901371327528168,243.95588252840935,0.2238744492284543,0.22610448777537517,4.406835818882311
0.5,oven-1-c12-to-n13,14.0,0.9899939346236353,244.66530118886033,0.2398541461345429,0.24227839964062806,4.4065575850933145
0.5,oven-1-c12-to-n13,15.0,0.9897625975217968,245.36273078066262,0.25593907175448943,0.2585863240289327,4.406108097242539
0.5,oven-1-c12-to-n13,16.0,0.989498504759896,246.07777940629128,0.27212111274719974,0.2750091197088069,4.4055949651606845
0.5,oven-1-c12-to-n13,17.0,0.9892209940088268,246.79128413321797,0.288393718358773,0.29153618868323333,4.405055761891834
0.5,oven-1-c12-to-n13,18.0,0.988941068181699,247.50397257228562,0.30475152155470187,0.3081594357437582,4.404511866262968
0.5,oven-1-c12-to-n13,19.0,0.9886640401946808,248.23589489491565,0.3211900664457485,0.32487281157965653,4.40397360098739
0.5,oven-1-c12-to-n13,20.0,0.988391198542453,248.9561845539929,0.33770560857697124,0.3416720111176367,4.403443469830603
0.5,oven-1-c12-to-n13,21.0,0.9881244956271511,249.70226047630067,0.35429496618889994,0.3585529634745398,4.4029252662374665
0.5,oven-1-c12-to-n13,22.0,0.9878633752075323,250.4370123940035,0.3709554077943782,0.3755128665605678,4.402417909485024
0.5,oven-1-c12-to-n13,23.0,0.9876085071569798,251.18920882093323,0.3876845660605072,0.3925488321040606,4.4019227009691795
0.5,oven-1-c12-to-n13,24.0,0.9873594525302446,251.94415888473026,0.40448037103301615,0.4096586810370625,4.40143878804453
0.5,oven-1-c12-to-n13,25.0,0.9871157743136112,252.69092851313178,0.42134099777962686,0.42684050720656896,4.400965321421596
0.5,oven-1-c12-to-n13,26.0,0.9868780913445633,253.47135739173552,0.4382648249179876,0.4440921616983894,4.400503503505091
0.5,oven-1-c12-to-n13,27.0,0.9866450447179607,254.23049669941403,0.4552504014554435,0.4614125453653699,4.400050694053531
0.5,oven-1-c12-to-n13,28.0,0.9864171866635099,255.00824486214833,0.47229642004388334,0.4787998692940402,4.399607965999901
0.5,oven-1-c12-to-n13,29.0,0.986194165014248,255.7987740508281,0.48940169523468896,0.4962528806156731,4.399174635075507
0.5,oven-1-c12-to-n13,30.0,0.9859751267244898,256.5701659106594,0.506565145666624,0.5137707148348511,4.398749043825077
0.5,oven-1-c12-to-n13,31.0,0.9857607267491961,257.3666565119223,0.5237857793736125,0.5313518434650294,4.398332464809426
0.5,oven-1-c12-to-n13,32.0,0.985550502657471,258.1748130710079,0.5410626815870903,0.5489953890015286,4.397923999532624
0.5,oven-1-c12-to-n13,33.0,0.9853436985999788,258.9653927697992,0.5583950045477325,0.5667007414175638,4.39752217946461
0.5,oven-1-c12-to-n13,34.0,0.9851404859428782,259.70387641642293,0.575781958946961,0.5844668523554587,4.39712733731658
0.5,oven-1-c12-to-n13,35.0,0.9849409644151963,260.45064846629384,0.5932228066989698,0.6022927547248406,4.3967396672025565
0.5,oven-1-c12-to-n13,36.0,0.984744200016329,261.18248059467567,0.6107168548055861,0.6201781689046345,4.396357354083029
0.5,oven-1-c12-to-n13,37.0,0.9845501643795893,261.90018794006824,0.6282634501239294,0.6381223353101844,4.3959803428940925
0.5,oven-1-c12-to-n13,38.0,0.9843597510276657,262.65328850085746,0.6458619748839456,0.6561239162914468,4.395610369947346
0.5,oven-1-c12-to-n13,39.0,0.9841722733443177,263.412886250005,0.6635118428319201,0.6741826210742956,4.395246100914859
0.5,oven-1-c12-to-n13,40.0,0.9839872398188582,264.15903437297106,0.681212495899249,0.6922980993378056,4.394886580911751
0.5,oven-1-c12-to-n13,41.0,0.9838045698006139,264.89238675389066,0.698963401313753,0.7104697647983185,4.394531653169912
0.5,oven-1-c12-to-n13,42.0,0.9836251339006977,265.663421048553,0.7167640490856853,0.7286963543146371,4.39418300935101
0.5,oven-1-c12-to-n13,43.0,0.9834482772683742,266.4432390020908,0.7346139498121773,0.7469777178853177,4.393839377003937
0.5,oven-1-c12-to-n13,44.0,0.9832735074186774,267.210685742889,0.7525126327534262,0.7653136457718134,4.393499799307289
0.5,oven-1-c12-to-n13,45.0,0.9831007587072808,267.966306533467,0.7704596441416443,0.7837036410741388,4.393164148663836
0.5,oven-1-c12-to-n13,46.0,0.9829303216699341,268.7300031484756,0.7884545456900881,0.8021469358586432,4.392832989609189
0.5,oven-1-c12-to-n13,47.0,0.982762753605823,269.53679306276706,0.806496913274678,0.8206425307792611,4.392507404952603
0.5,oven-1-c12-to-n13,48.0,0.9825969707739827,270.3320126703722,0.8245863357649534,0.8391907977443024,4.392185288991857
0.5,oven-1-c12-to-n13,49.0,0.9824329185252074,271.1161275522256,0.8427224139847121,0.8577913037052711,4.391866535563822
0.5,oven-1-c12-to-n13,50.0,0.9822705451708411,271.88957587457077,0.8609047597854932,0.8764436274893701,4.391551044216307
0.5,oven-1-c12-to-n13,51.0,0.9821102644456966,272.67948885833124,0.8791329952186671,0.8951469372075548,4.391239618869363
0.5,oven-1-c12-to-n13,52.0,0.9819524098138996,273.50876394027756,0.8974067517938139,0.9139004526338411,4.39093290742023
0.5,oven-1-c12-to-n13,53.0,0.9817960408571978,274.3274774259925,0.9157256698128874,0.9327045859885268,4.3906290826368055
0.5,oven-1-c12-to-n13,54.0,0.9816411185795809,275.1360131884845,0.9340893977710824,0.9515589558052486,4.390328068750025
0.5,oven-1-c12-to-n13,55.0,0.9814876016194246,275.93473421611407,0.9524975918164905,0.9704631930601044,4.390029785394148
0.5,oven-1-c12-to-n13,56.0,0.9813354525505754,276.7239847215452,0.9709499152618778,0.9894169345846981,4.389734159852811
0.5,oven-1-c12-to-n13,57.0,0.9811858007172152,277.576063840775,0.9894460381425229,1.0084186271542757,4.389443386433202
0.5,oven-1-c12-to-n13,58.0,0.9810375156064098,278.42573224233485,1.0079856368150624,1.0274690017251737,4.389155268557233
0.5,oven-1-c12-to-n13,59.0,0.9808904421043002,279.2659172157381,1.0265683935928018,1.046567842368317,4.388869504836229
0.5,oven-1-c12-to-n13,60.0,0.9807445500790607,280.09692714354645,1.0451939964135712,1.0657148146572062,4.388586036724041
0.5,oven-1-c12-to-n13,61.0,0.9805998079226744,280.9190553847551,1.0638621385366591,1.0849095930279342,4.388304802808656
0.5,oven-1-c12-to-n13,62.0,0.9804561878199248,281.73258178368746,1.082572518265775,1.1041518547329576,4.388025749039572
0.5,oven-1-c12-to-n13,63.0,0.9803147432672086,282.6105885126481,1.1013248386953973,1.1234400443931756,4.387750922362118
0.5,oven-1-c12-to-n13,64.0,0.9801744620691667,283.48946194829523,1.1201188074780961,1.1427749353043788,4.3874783560835695
0.5,oven-1-c12-to-n13,65.0,0.9800351726795112,284.35965024683884,1.1389541366107643,1.1621563882209993,4.387207716888123
0.5,oven-1-c12-to-n13,66.0,0.9798968511987286,285.22140835755533,1.1578305422378892,1.1815841032874945,4.3869389583389555
0.5,oven-1-c12-to-n13,67.0,0.9797594759123446,286.0749803873723,1.1767477444702266,1.2010577834671596,4.38667203824495
0.5,oven-1-c12-to-n13,68.0,0.9796230248909051,286.92059992640463,1.1957054672173877,1.2205771371600278,4.3864069139987585
0.5,oven-1-c12-to-n13,69.0,0.9794876045809652,287.69955488696115,1.2147034380330575,1.2401417152723644,4.386143792421077
0.5,oven-1-c12-to-n13,70.0,0.9793537230415994,288.52199045309993,1.2337413879716523,1.2597505466564172,4.385883660676548
0.55,oven-1-c12-to-n13,5.0,3.2638947721347645e-09,5.000942951898018,0.10075256761825577,30868816.139056504,1.325131331861357e-05
0.55,oven-1-c12-to-n13,6.0,2.2152891435763814e-08,6.008143785399242,0.11479483084883547,5181934.429720075,0.00012067758664426477
0.55,oven-1-c12-to-n13,7.0,1.0461867370583354e-07,7.051453904102737,0.12924651897315056,1235405.8256995832,0.0007433552714551898
0.55,oven-1-c12-to-n13,8.0,4.093542180517828e-07,8.247233024463917,0.14400617484931588,351788.6673665575,0.003742114943180788
0.55,oven-1-c12-to-n13,9.0,1.94993774803954e-06,10.586890302409044,0.1590081457096177,81545.24208246334,0.024322824863628068
0.55,oven-1-c12-to-n13,10.0,0.9836333050060099,232.89534787416937,0.17420798387706535,0.17710663413943772,4.145898885827561
0.55,oven-1-c12-to-n13,11.0,0.9889382084779462,234.22491603699208,0.1895744346336398,0.19169492391785506,4.1562063097797415
0.55,oven-1-c12-to-n13,12.0,0.9899116297162351,235.0124393812183,0.20508480459310008,0.20717486130745735,4.158097666625697
0.55,oven-1-c12-to-n13,13.0,0.9900619880618914,235.72680710427636,0.22072215938946407,0.22293771708329252,4.1583898127962575
0.55,oven-1-c12-to-n13,14.0,0.989946135887483,236.4175245099418,0.2364735598303264,0.23887517841395353,4.158164712095099
0.55,oven-1-c12-to-n13,15.0,0.9897283322451632,237.09514111126808,0.25232891299476584,0.2549476505561549,4.157741519756848
0.55,oven-1-c12-to-n13,16.0,0.9894720405410955,237.78928610920815,0.2682802012224921,0.2711346963131796,4.157243545256704
0.55,oven-1-c12-to-n13,17.0,0.9891993356020589,238.48163066795493,0.28432095100175125,0.2874253355909345,4.156713679618169
0.55,oven-1-c12-to-n13,18.0,0.9889227579475804,239.17304617472098,0.30044585858610945,0.30381124933322157,4.156176289409194
0.55,oven-1-c12-to-n13,19.0,0.9886484087821164,239.88310151078971,0.3166505206425662,0.32028627956083766,4.155643229157764
0.55,oven-1-c12-to-n13,20.0,0.9883777997182317,240.58182491967722,0.33293123689884374,0.3368461300868517,4.155117435917469
0.55,oven-1-c12-to-n13,21.0,0.9881132288067945,241.30561788780483,0.3492848631592558,0.3534866784255465,4.154603374804548
0.55,oven-1-c12-to-n13,22.0,0.987854106720372,242.0184120749583,0.3657087002067172,0.37020517272621606,4.154099900757242
0.55,oven-1-c12-to-n13,23.0,0.987601266956173,242.74818403037895,0.38220040869904864,0.38699870229713834,4.153608633253126
0.55,oven-1-c12-to-n13,24.0,0.9873542561762647,243.48065490725688,0.39875794317937197,0.4038651180009547,4.153128691464893
0.55,oven-1-c12-to-n13,25.0,0.987112619241115,244.2051953698978,0.415379500335421,0.42080254293047303,4.152659191053653
0.55,oven-1-c12-to-n13,26.0,0.9868771305530939,244.9624885639367,0.4320634780151206,0.4378087855506097,4.15220163668268
0.55,oven-1-c12-to-n13,27.0,0.9866462525251435,245.69910726541775,0.44880844245608814,0.4548828329377867,4.151753040822152
0.55,oven-1-c12-to-n13,28.0,0.9864206741917143,246.45384686282966,0.4656131018546893,0.4720228539778109,4.151314742301912
0.55,oven-1-c12-to-n13,29.0,0.9862000275290003,247.2210420264251,0.48247628487635374,0.4892276124603596,4.150886026022466
0.55,oven-1-c12-to-n13,30.0,0.9859833513956269,247.96965460966814,0.4993969230525745,0.5064963037618178,4.150465024439045
0.55,oven-1-c12-to-n13,31.0,0.9857714481883149,248.7427013437908,0.5163740362611176,0.5238273407189139,4.150053296626137
0.55,oven-1-c12-to-n13,32.0,0.9855638101933926,249.5271207754313,0.5334067206714858,0.5412198734923291,4.149649856139831
0.55,oven-1-c12-to-n13,33.0,0.9853595816340083,250.2944739496779,0.5504941386761518,0.5586733502537976,4.149253040191542
0.55,oven-1-c12-to-n13,34.0,0.9851591624744006,251.06937355266103,0.5676355104324324,0.5761866021798101,4.14886362580594
0.55,oven-1-c12-to-n13,35.0,0.9849629849711503,251.87759189934917,0.584830106719257,0.5937584616302984,4.148482453043354
0.55,oven-1-c12-to-n13,36.0,0.9847697481283297,252.6698635807783,0.6020772428739465,0.6113888490362999,4.148106994038273
0.55,oven-1-c12-to-n13,37.0,0.9845793302122794,253.44704799547338,0.6193762736211954,0.6290770632851447,4.147737012093341
0.55,oven-1-c12-to-n13,38.0,0.9843928295238432,254.26287443100097,0.6367265886431289,0.6468216443135993,4.147374641375637
0.55,oven-1-c12-to-n13,39.0,0.9842093910199579,255.08599906850174,0.6541276087680046,0.6646224012251273,4.147018220531183
0.55,oven-1-c12-to-n13,40.0,0.984028401549525,255.89476145220047,0.6715787826780018,0.682479064242946,4.146666558109657
0.55,oven-1-c12-to-n13,41.0,0.9838497680225191,256.68985684528957,0.6890795840543751,0.7003910621835944,4.14631947321244
0.55,oven-1-c12-to-n13,42.0,0.983674614871296,257.5261248172717,0.7066295090929033,0.7183569631766483,4.14597915075843
0.55,oven-1-c12-to-n13,43.0,0.9835021289709406,258.3721865336917,0.7242280743340477,0.7363767225311684,4.145644010762856
0.55,oven-1-c12-to-n13,44.0,0.9833317010725614,259.2026380152865,0.7418748147616635,0.7544502164960911,4.145312869465238
0.55,oven-1-c12-to-n13,45.0,0.9831629742261803,259.9383655701988,0.7595692821317517,0.7725771840925836,4.1449850333093545
0.55,oven-1-c12-to-n13,46.0,0.982996272997701,260.68195426681933,0.7773110434989433,0.7907568572243826,4.1446611330137335
0.55,oven-1-c12-to-n13,47.0,0.9828324440799969,261.4675757022538,0.7950996799135498,0.8089880271075314,4.144342813445176
0.55,oven-1-c12-to-n13,48.0,0.9826702423907082,262.24191808505014,0.8129347852662104,0.8272711945448213,4.144027655665905
0.55,oven-1-c12-to-n13,49.0,0.9825096598678672,263.0054391456491,0.8308159652606906,0.8456059000706647,4.1437156439264875
0.55,oven-1-c12-to-n13,50.0,0.9823506770902899,263.75856853531144,0.848742836498213,0.8639917050927052,4.143406740575706
0.55,oven-1-c12-to-n13,51.0,0.9821938228460543,264.5277727065725,0.8667150256592435,0.8824276894226503,4.143101972886241
0.55,oven-1-c12-to-n13,52.0,0.9820395125683113,265.3353888806223,0.8847321687705413,0.9009130054825556,4.142802148098448
0.55,oven-1-c12-to-n13,53.0,0.9818866366138793,266.1327198228703,0.9027939105471245,0.9194482100912252,4.14250511022111
0.55,oven-1-c12-to-n13,54.0,0.9817351628110252,266.9201397173327,0.9208999038001455,0.9380329224057854,4.142210796694543
0.55,oven-1-c12-to-n13,55.0,0.9815850560517223,267.6980023953544,0.9390498089028765,0.9566667739218266,4.141919139366168
0.55,oven-1-c12-to-n13,56.0,0.9814362819763004,268.4666430922967,0.9572432933081978,0.9753494046303387,4.141630071444125
0.55,oven-1-c12-to-n13,57.0,0.9812902233528518,269.29659622500424,0.9754800311116167,0.9940790276892978,4.141346279623194
0.55,oven-1-c12-to-n13,58.0,0.9811455207087216,270.1242172051798,0.9937597026548065,1.0128565861840486,4.141065122497597
0.55,oven-1-c12-to-n13,59.0,0.9810020006211563,270.9426059635986,1.0120819941651888,1.0316818859944763,4.140786263021871
0.55,oven-1-c12-to-n13,60.0,0.9808596296936979,271.7520621569284,1.030446597427679,1.050554601527913,4.140509636363498
0.55,oven-1-c12-to-n13,61.0,0.9807183862173805,272.552872230134,1.0488532094851692,1.069474401852079,4.140235200419424
0.55,oven-1-c12-to-n13,62.0,0.9805782387588076,273.34530803585983,1.0673015323647344,1.088440973068808,4.139962893934584
0.55,oven-1-c12-to-n13,63.0,0.9804404864194132,274.200678085025,1.0857912728269543,1.1074525051411168,4.139695241226841
0.55,oven-1-c12-to-n13,64.0,0.9803039053143937,275.05691557566695,1.10432214213596,1.1265099895545068,4.139429864226654
0.55,oven-1-c12-to-n13,65.0,0.9801682922839784,275.9046999524344,1.1228938558481714,1.1456133244543294,4.139166368194833
0.55,oven-1-c12-to-n13,66.0,0.980033625973388,276.74427948115573,1.1415061336178765,1.1647622115864757,4.138904711641315
0.55,oven-1-c12-to-n13,67.0,0.9798998833754035,277.57589143963605,1.1601586990180257,1.1839563599310732,4.1386448498563295
0.55,oven-1-c12-to-n13,68.0,0.979767044927311,278.39976328833404,1.1788512793747883,1.2031954794542483,4.1383867448387885
0.55,oven-1-c12-to-n13,69.0,0.9796353900810412,279.23372759877674,1.1975836056145828,1.222478911787284,4.1381309395536885
0.55,oven-1-c12-to-n13,70.0,0.9795056997099146,280.12664264146554,1.2163554121224154,1.2418053437388317,4.137878951245119
0.6000000000000001,oven-1-c12-to-n13,5.0,3.4862224317924845e-09,5.000833056585393,0.09935318636423782,28498808.755915824,1.1533914455771478e-05
0.6000000000000001,oven-1-c12-to-n13,6.0,2.3644769845150317e-08,6.007187178487886,0.1131878971384193,4787016.235712474,0.00010494712148541554
0.6000000000000001,oven-1-c12-to-n13,7.0,1.112646734975161e-07,7.045208646943989,0.12742707536910222,1145260.8574090404,0.0006437426802315282
0.6000000000000001,oven-1-c12-to-n13,8.0,4.2928652674430675e-07,8.21419914892137,0.1419704945370194,330712.672521354,0.003187131157751258
0.6000000000000001,oven-1-c12-to-n13,9.0,1.8241912096704992e-06,10.191774026179877,0.1567532941762705,85930.29795631161,0.017975144344853592
0.6000000000000001,oven-1-c12-to-n13,10.0,0.9810519895912371,223.56723780398474,0.17173156110622,0.17504837962539915,3.892583391501109
0.6000000000000001,oven-1-c12-to-n13,11.0,0.9884433559723661,225.1042771775423,0.18687441549762568,0.18905930660416126,3.906944811677966
0.6000000000000001,oven-1-c12-to-n13,12.0,0.9896929030882766,225.98380699476823,0.202159435657375,0.20426481287937778,3.9093726809268445
0.6000000000000001,oven-1-c12-to-n13,13.0,0.9899291987611186,226.76317335554123,0.2175698896901873,0.219783283453476,3.909831803271158
0.6000000000000001,oven-1-c12-to-n13,14.0,0.9898490789442284,227.51151164500524,0.23309299295940086,0.23548336601779488,3.9096761305195216
0.6000000000000001,oven-1-c12-to-n13,15.0,0.9896487111306558,228.24382047684173,0.24871877302470444,0.2513202616517812,3.9092868159828775
0.6000000000000001,oven-1-c12-to-n13,16.0,0.9894024465180449,228.9933519919037,0.2644393078979009,0.26727173439739216,3.908808323997834
0.6000000000000001,oven-1-c12-to-n13,17.0,0.9891359560442988,229.7407203197746,0.28024820130223776,0.2833262703572033,3.908290533174775
0.6000000000000001,oven-1-c12-to-n13,18.0,0.9888637959473376,230.48709756575147,0.2961402127734398,0.299475230043927,3.907761726279613
0.6000000000000001,oven-1-c12-to-n13,19.0,0.9885931168457619,231.25376955334565,0.3121109915298054,0.3157122846714097,3.9072357969574316
0.6000000000000001,oven-1-c12-to-n13,20.0,0.9883256625385413,232.008352042307,0.3281568814775657,0.3320331485015636,3.9067161334086484
0.6000000000000001,oven-1-c12-to-n13,21.0,0.9880642355199986,232.79028820983692,0.3442747759812954,0.3484335973360178,3.906208180991015
0.6000000000000001,oven-1-c12-to-n13,22.0,0.9878081330528579,233.5605404988763,0.36046200809097334,0.3649109538883346,3.905710573947285
0.6000000000000001,oven-1-c12-to-n13,23.0,0.9875583682469106,234.31741382346428,0.37671626645255624,0.38146227966382756,3.905225281088861
0.6000000000000001,oven-1-c12-to-n13,24.0,0.9873139494314934,235.02721727575965,0.3930355301043268,0.39808566498087167,3.904750375602538
0.6000000000000001,oven-1-c12-to-n13,25.0,0.9870745800905689,235.72930903599809,0.4094180173520906,0.41477921284785235,3.9042852810120303
0.6000000000000001,oven-1-c12-to-n13,26.0,0.9868413874900794,236.46321924053234,0.4258621452723546,0.43154062108753594,3.9038321879350883
0.6000000000000001,oven-1-c12-to-n13,27.0,0.9866126595545476,237.1770643397197,0.4423664973315217,0.44836896531537385,3.903387769704605
0.6000000000000001,oven-1-c12-to-n13,28.0,0.9863893013996379,237.9085289233568,0.4589297972691226,0.4652623427868933,3.902953784951664
0.6000000000000001,oven-1-c12-to-n13,29.0,0.9861709364781551,238.65211317415756,0.4755508878634736,0.4822195324086268,3.9025295020469493
0.6000000000000001,oven-1-c12-to-n13,30.0,0.9859564888788982,239.37767126128298,0.49222871353776604,0.49923979312460803,3.9021128304962143
0.6000000000000001,oven-1-c12-to-n13,31.0,0.9857469512863584,240.1269871718552,0.5089623060126869,0.5163214609474698,3.9017056991482013
0.6000000000000001,oven-1-c12-to-n13,32.0,0.9855417642329893,240.88737544164897,0.5257507723949807,0.5334637165824759,3.9013070207732925
0.6000000000000001,oven-1-c12-to-n13,33.0,0.9853399543346619,241.6312110851265,0.5425932852281778,0.5506660750345366,3.9009149042690687
0.6000000000000001,oven-1-c12-to-n13,34.0,0.9851420318076585,242.38240312410912,0.5594890741348225,0.5679273201938242,3.9005303409283196
0.6000000000000001,oven-1-c12-to-n13,35.0,0.9849485285802649,243.16598831010987,0.5764374187579764,0.5852462357488579,3.900154364278368
0.6000000000000001,oven-1-c12-to-n13,36.0,0.9847579447087331,243.93410885212037,0.5934376427699077,0.6026228536246354,3.8997840599369407
0.6000000000000001,oven-1-c12-to-n13,37.0,0.9845701618139113,244.6875981882181,0.6104891087623883,0.6200564799136923,3.8994191978904964
0.6000000000000001,oven-1-c12-to-n13,38.0,0.9843864983754602,245.47865562934018,0.6275912138692715,0.637545532069964,3.899062339946433
0.6000000000000001,oven-1-c12-to-n13,39.0,0.9842059709191464,246.27683153093173,0.644743386000372,0.6550898948502094,3.8987115752137025
0.6000000000000001,oven-1-c12-to-n13,40.0,0.9840278771198261,247.0610809191666,0.6619450805882767,0.6726893576691536,3.8983655390749554
0.6000000000000001,oven-1-c12-to-n13,41.0,0.9838521268625805,247.83207797711364,0.6791957777673255,0.6903433546799581,3.898024056436946
0.6000000000000001,oven-1-c12-to-n13,42.0,0.9836800645724381,248.64310697731665,0.6964949799185052,0.7080503153443904,3.897689739542346
0.6000000000000001,oven-1-c12-to-n13,43.0,0.9835107457687661,249.46368047094373,0.7138422095253111,0.7258102797517813,3.8973607532638828
0.6000000000000001,oven-1-c12-to-n13,44.0,0.9833434687558852,250.27145389127688,0.731237007294988,0.7436231901963417,3.897035734138421
0.6000000000000001,oven-1-c12-to-n13,45.0,0.9831781655198586,251.066989145879,0.7486789305070738,0.7614885651078382,3.8967145500724563
0.6000000000000001,oven-1-c12-to-n13,46.0,0.9830153088510721,251.87131379330185,0.7661675515573418,0.7794055134836329,3.896398119657945
0.6000000000000001,oven-1-c12-to-n13,47.0,0.9828557864298509,252.7214683814618,0.7837024566702816,0.7973727860086385,3.8960881676173122
0.6000000000000001,oven-1-c12-to-n13,48.0,0.9826979856723715,253.5596651633798,0.8012832447574313,0.8153911541898455,3.89578156084795
0.6000000000000001,oven-1-c12-to-n13,49.0,0.9825418526483363,254.38638338638233,0.8189095264023363,0.8334601973392313,3.895478194480682
0.6000000000000001,oven-1-c12-to-n13,50.0,0.9823873345493217,255.20207400142672,0.8365809229557343,0.8515795079336225,3.8951779659134034
0.6000000000000001,oven-1-c12-to-n13,51.0,0.9822351006296342,256.035455495606,0.8542970657270206,0.869748052354673,3.8948821755065652
0.6000000000000001,oven-1-c12-to-n13,52.0,0.9820856837822767,256.91079682381894,0.8720575952599858,0.8879648788906657,3.8945918587238455
0.6000000000000001,oven-1-c12-to-n13,53.0,0.9819376760320631,257.7752372347565,0.8898621606825691,0.9062307948895858,3.894304279734027
0.6000000000000001,oven-1-c12-to-n13,54.0,0.9817910392178189,258.6291711241465,0.9077104191217491,0.9245454306090541,3.894019364526714
0.6000000000000001,oven-1-c12-to-n13,55.0,0.9816456909366307,259.4429253964349,0.9256020351758539,0.9429084686275117,3.893736952908557
0.6000000000000001,oven-1-c12-to-n13,56.0,0.9815012357424403,260.19076547837153,0.9435366804377633,0.9613199108445755,3.893456276557789
0.6000000000000001,oven-1-c12-to-n13,57.0,0.9813594947695122,260.99835285426303,0.9615140330631022,0.9797775822089835,3.8931808739374993
0.6000000000000001,oven-1-c12-to-n13,58.0,0.9812189048697559,261.80366674979393,0.9795337773784779,0.9982826181977184,3.8929077077878773
0.6000000000000001,oven-1-c12-to-n13,59.0,0.9810793364373152,262.5999889242162,0.9975956035253325,1.016834792533695,3.892636526412287
0.6000000000000001,oven-1-c12-to-n13,60.0,0.9809408049808628,263.38761554460365,1.0156992071355742,1.0354337407295329,3.892367359881164
0.6000000000000001,oven-1-c12-to-n13,61.0,0.9808033115717928,264.166827286404,1.033844289035612,1.0540791174316266,3.8921002102737132
0.6000000000000001,oven-1-c12-to-n13,62.0,0.9806668418873908,264.9378900887349,1.0520305549758049,1.0727705985766456,3.8918350498555467
0.6000000000000001,oven-1-c12-to-n13,63.0,0.9805329962527154,265.77031408508816,1.070257715382758,1.0915060681006572,3.8915749877800043
0.6000000000000001,oven-1-c12-to-n13,64.0,0.980400299269761,266.60360151239104,1.0885254851320898,1.1102867736197801,3.891317157627257
0.6000000000000001,oven-1-c12-to-n13,65.0,0.9802685163217117,267.42866711435914,1.1068335833396794,1.129112651187535,3.891061103443387
0.6000000000000001,oven-1-c12-to-n13,66.0,0.9801376362556616,268.2457531622801,1.1251817331695468,1.1479833969726794,3.890806803619813
0.6000000000000001,oven-1-c12-to-n13,67.0,0.9800076392580876,269.05509051304705,1.1435696616567772,1.1668987218533458,3.8905542195761478
0.6000000000000001,oven-1-c12-to-n13,68.0,0.9798785113037198,269.8569007497296,1.1619970995440385,1.1858583346194738,3.890303324002762
0.6000000000000001,oven-1-c12-to-n13,69.0,0.9797505995902508,270.66856828751656,1.1804637811304262,1.2048615041665882,3.8900547916356474
0.6000000000000001,oven-1-c12-to-n13,70.0,0.9796248673401804,271.53772701781594,1.1989694441314847,1.223906705621771,3.8898104939779037
0.65,oven-1-c12-to-n13,5.0,3.6938681961409733e-09,5.000723877954963,0.09795383648542293,26517956.592971135,9.87193807133627e-06
0.65,oven-1-c12-to-n13,6.0,2.5035145404898582e-08,6.006238707131855,0.11158099278951475,4456974.025310909,8.974744104413426e-05
0.65,oven-1-c12-to-n13,7.0,1.1739293946912184e-07,7.0390713005691685,0.12560765939867127,1069976.2691580795,0.0005482301010409086
0.65,oven-1-c12-to-n13,8.0,4.468993584366331e-07,8.182901317420283,0.13993484036710527,313123.83364485623,0.0026714453913717438
0.65,oven-1-c12-to-n13,9.0,1.7413020261430485e-06,9.920068087591023,0.15449846748716337,88725.82996378554,0.01354576688153562
0.65,oven-1-c12-to-n13,10.0,0.9762112693227364,214.06923951093844,0.16925516203921617,0.1733796436878258,3.6348778751032778
0.65,oven-1-c12-to-n13,11.0,0.9877183653989092,215.99399405857497,0.18417441905488283,0.1864645080083131,3.657236155457811
0.65,oven-1-c12-to-n13,12.0,0.9893784890472189,216.88698265832093,0.1992340885121626,0.20137297375853294,3.660461774649044
0.65,oven-1-c12-to-n13,13.0,0.9897332928158388,217.6513440500914,0.21441764096909013,0.21664183929699046,3.6611511581460565
0.65,oven-1-c12-to-n13,14.0,0.9896999061360537,218.37784082928823,0.22971244633087914,0.23210313035969982,3.661086287846768
0.65,oven-1-c12-to-n13,15.0,0.989520831686341,219.08605434746391,0.24510865262666684,0.24770438860691066,3.660738346307857
0.65,oven-1-c12-to-n13,16.0,0.9892855768638138,219.80978691056598,0.26059843353127904,0.26342083582924136,3.660281246337084
0.65,oven-1-c12-to-n13,17.0,0.9890248338064456,220.53086716917625,0.2761754699955241,0.2792401773498564,3.6597746227375483
0.65,oven-1-c12-to-n13,18.0,0.9887559090641961,221.25073401911433,0.29183458483112534,0.29515331555118696,3.6592521021358904
0.65,oven-1-c12-to-n13,19.0,0.9884873255834342,221.9901075700083,0.30757147980253763,0.31115369093984074,3.6587302446041217
0.65,oven-1-c12-to-n13,20.0,0.9882212438366992,222.71774450872522,0.32338254299017294,0.32723698767561715,3.658213247942682
0.65,oven-1-c12-to-n13,21.0,0.9879610382629505,223.47182142083355,0.3392647053151988,0.3433988711859525,3.6577076686731944
0.65,oven-1-c12-to-n13,22.0,0.9877059698325034,224.21461368706167,0.35521533209152595,0.359636716736423,3.657212070877331
0.65,oven-1-c12-to-n13,23.0,0.9874573852330167,224.97544390166044,0.37123213995055715,0.37594750467429544,3.6567290711585194
0.65,oven-1-c12-to-n13,24.0,0.9872147625797189,225.73937335104378,0.3873131324234107,0.392329153801663,3.6562576554972117
0.65,oven-1-c12-to-n13,25.0,0.9869775688699646,226.49526372631757,0.4034565494319438,0.4087798569666376,3.6557967882711058
0.65,oven-1-c12-to-n13,26.0,0.9867470788925311,227.28578064326317,0.4196608272794801,0.4252972582908313,3.6553489463890454
0.65,oven-1-c12-to-n13,27.0,0.9865211510071951,228.05490167337257,0.43592456665965956,0.44188060865659046,3.6549099686515403
0.65,oven-1-c12-to-n13,28.0,0.9863009214641917,228.8433230535987,0.45224650685381207,0.45852791679687305,3.654482062791474
0.65,oven-1-c12-to-n13,29.0,0.9860859573057666,229.64511511027135,0.4686255047519316,0.4752379863844057,3.654064387566607
0.65,oven-1-c12-to-n13,30.0,0.9858749363052182,230.4276894240744,0.4850605176678323,0.4920101929821876,3.653654373897391
0.65,oven-1-c12-to-n13,31.0,0.9856691448933429,231.23622093034643,0.5015505891641634,0.508842740753983,3.6532545213150605
0.65,oven-1-c12-to-n13,32.0,0.9854679188705869,232.05700628306363,0.518094837284053,0.525734858906239,3.6528635392804167
0.65,oven-1-c12-to-n13,33.0,0.9852700691108927,232.8601542970464,0.5346924447213174,0.5426861745671658,3.652479117323668
0.65,oven-1-c12-to-n13,34.0,0.9850762676028383,233.67153156000458,0.5513426505630333,0.5596953948598454,3.652102561116295
0.65,oven-1-c12-to-n13,35.0,0.9848870699193718,234.4686404480539,0.5680447433157662,0.5767612964624151,3.651734950198718
0.65,oven-1-c12-to-n13,36.0,0.9847001131063956,235.21244450630513,0.5847980549861618,0.5938844194313351,3.651371693169671
0.65,oven-1-c12-to-n13,37.0,0.9845155639566465,235.94203895632816,0.6016019560325534,0.6110639364753051,3.6510131144050937
0.65,oven-1-c12-to-n13,38.0,0.9843351948451082,236.70809537142713,0.6184558510400494,0.6282980170564435,3.65066265721957
0.65,oven-1-c12-to-n13,39.0,0.9841579061190626,237.48107220438564,0.6353591749995933,0.6455866188232684,3.6503181853389353
0.65,oven-1-c12-to-n13,40.0,0.98398292842132,238.24055110522096,0.652311390093783,0.6629295806384942,3.6499782037839497
0.65,oven-1-c12-to-n13,41.0,0.983810204247187,238.98718808308237,0.669311982909685,0.6803263271921879,3.6496426009547904
0.65,oven-1-c12-to-n13,42.0,0.983641368639026,239.77269662579516,0.68636046201316,0.6977751077741005,3.649314553346393
0.65,oven-1-c12-to-n13,43.0,0.983475327450664,240.5674917264003,0.7034563558304334,0.7152760584791815,3.648991935479193
0.65,oven-1-c12-to-n13,44.0,0.9833112708933515,241.3498878204332,0.7205992107918554,0.7328291987715969,3.648673173633516
0.65,oven-1-c12-to-n13,45.0,0.9831491467279558,242.1204304256629,0.7377885897002422,0.7504340436603089,3.6483581664827835
0.65,oven-1-c12-to-n13,46.0,0.9829895308283533,242.89952795119476,0.7550240702922667,0.7680896353555435,3.648048032892741
0.65,oven-1-c12-to-n13,47.0,0.9828334902124235,243.72313409026827,0.772305243966372,0.7857945945649968,3.6477448460750903
0.65,oven-1-c12-to-n13,48.0,0.9826791348553381,244.53516064717041,0.7896317146547875,0.8035498940058705,3.6474449337141515
0.65,oven-1-c12-to-n13,49.0,0.9825264140394236,245.33607172517088,0.8070030978206473,0.8213551170628034,3.6471481972678457
0.65,oven-1-c12-to-n13,50.0,0.9823752777120744,246.1263040085637,0.8244190195640189,0.8392098602929713,3.646854539552866
0.65,oven-1-c12-to-n13,51.0,0.9822265370896069,246.9337356176057,0.8418791158230633,0.8571129816117563,3.6465655365425045
0.65,oven-1-c12-to-n13,52.0,0.9820808372806864,247.78192793273982,0.8593830316584438,0.8750634357534312,3.6462824419064774
0.65,oven-1-c12-to-n13,53.0,0.9819365202761472,248.61956683739095,0.8769304206108739,0.8930622321331497,3.646002034058492
0.65,oven-1-c12-to-n13,54.0,0.981793547651374,249.4470338689048,0.8945209441230196,0.9111090068404644,3.6457242383395307
0.65,oven-1-c12-to-n13,55.0,0.981651882450685,250.26469030957134,0.9121542710181376,0.9292034043075971,3.645448982944735
0.65,oven-1-c12-to-n13,56.0,0.981511489265945,251.07287862722424,0.9298300770289843,0.9473450766474346,3.6451761992060363
0.65,oven-1-c12-to-n13,57.0,0.9813745079225564,251.9460652478692,0.9475480443711887,0.9655315445038674,3.6449100444713443
0.65,oven-1-c12-to-n13,58.0,0.9812388798335008,252.81708771184415,0.9653078613561861,0.9837643831642526,3.6446465191988127
0.65,oven-1-c12-to-n13,59.0,0.9811043542076325,253.67865108598602,0.9831092220393365,1.0020434807195644,3.644385135923466
0.65,oven-1-c12-to-n13,60.0,0.9809709009771841,254.53106105377972,1.0009518258994456,1.0203685194967127,3.644125836459313
0.65,oven-1-c12-to-n13,61.0,0.9808384924898959,255.37460888839115,1.018835377546351,1.0387391862650075,3.6438685667756743
0.65,oven-1-c12-to-n13,62.0,0.9807071041995685,256.2095725183921,1.0367595864536105,1.0571551710128488,3.6436132794134566
0.65,oven-1-c12-to-n13,63.0,0.9805787723276845,257.11138575325094,1.0547241667137723,1.0756139093344663,3.6433639306679777
0.65,oven-1-c12-to-n13,64.0,0.9804516144347236,258.0144246718023,1.0727288368138683,1.0941170589354854,3.643116862963221
0.65,oven-1-c12-to-n13,65.0,0.9803253292229347,258.9088207233812,1.0907733194291636,1.1126646297038727,3.642871490878156
0.65,oven-1-c12-to-n13,66.0,0.9801997322181408,259.7314211407557,1.1088573412333433,1.1312565233251564,3.642627455966957
0.65,oven-1-c12-to-n13,67.0,0.9800745040474294,260.5182777581285,1.126980632723562,1.1498928174026077,3.6423841377829995
0.65,oven-1-c12-to-n13,68.0,0.9799498244899587,261.2977930017261,1.145142928058925,1.1685730222513642,3.6421418854816476
0.65,oven-1-c12-to-n13,69.0,0.9798262417733581,262.0869093626759,1.163343964911145,1.1872961912161524,3.6419017643417644
0.65,oven-1-c12-to-n13,70.0,0.9797049946443679,262.93202522260634,1.1815834843262496,1.206060488397493,3.641666181247212
0.7000000000000001,oven-1-c12-to-n13,5.0,3.88619766334445e-09,5.000615626552835,0.09655451930408791,24845498.780160706,8.267765611124027e-06
0.7000000000000001,oven-1-c12-to-n13,6.0,2.6319990661857126e-08,6.005300156908052,0.10997411904013905,4178349.4702949617,7.509866309817289e-05
0.7000000000000001,oven-1-c12-to-n13,7.0,1.229916455158942e-07,7.0330509100615926,0.12378827222742679,1006477.0798714912,0.00045687867987400873
0.7000000000000001,oven-1-c12-to-n13,8.0,4.622472922650452e-07,8.153241149947593,0.1378992134425295,298323.4639770703,0.00219270415623207
0.7000000000000001,oven-1-c12-to-n13,9.0,1.6802205279460965e-06,9.699888072898222,0.15224366669069117,90609.3361904071,0.01021687243321771
0.7000000000000001,oven-1-c12-to-n13,10.0,0.9640443129327626,203.06748583544615,0.16677878767649026,0.17299908877541634,3.3629374865779993
0.7000000000000001,oven-1-c12-to-n13,11.0,0.986571628752999,206.397217062497,0.18147444626330608,0.1839445215880423,3.4067080468841624
0.7000000000000001,oven-1-c12-to-n13,12.0,0.9889044404091015,207.4345314079613,0.19630876407734543,0.1985113586871287,3.4112406984429464
0.7000000000000001,oven-1-c12-to-n13,13.0,0.9894378228118812,208.27592835452614,0.21126541411183727,0.2135206571257227,3.412277060114611
0.7000000000000001,oven-1-c12-to-n13,14.0,0.9894731879953976,209.0638674563696,0.22633192079942305,0.22873982190255748,3.412345774643675
0.7000000000000001,oven-1-c12-to-n13,15.0,0.9893255338533007,209.82794493351304,0.24149855262706024,0.24410423502004766,3.4120588827405083
0.7000000000000001,oven-1-c12-to-n13,16.0,0.9891069940741744,210.60722484899645,0.25675757892314793,0.25958524250804493,3.4116342600870033
0.7000000000000001,oven-1-c12-to-n13,17.0,0.9888555335621853,211.3783333601805,0.27210275785830157,0.27516937370830835,3.4111456724749125
0.7000000000000001,oven-1-c12-to-n13,18.0,0.9885917951405665,212.0716927658575,0.2875289755138252,0.29084701787651585,3.410633228889019
0.7000000000000001,oven-1-c12-to-n13,19.0,0.9883262374734393,212.7836610647308,0.30303198619497185,0.3066112936247083,3.4101172505117923
0.7000000000000001,oven-1-c12-to-n13,20.0,0.9880618579813475,213.48418841510303,0.318608222151825,0.32245776879066573,3.409603561323968
0.7000000000000001,oven-1-c12-to-n13,21.0,0.987802958957362,214.21020505701821,0.3342546518583216,0.3383819099014761,3.4091005206842224
0.7000000000000001,oven-1-c12-to-n13,22.0,0.987548811293568,214.92531788592922,0.3499686728890415,0.3543811393288251,3.4086067119397567
0.7000000000000001,oven-1-c12-to-n13,23.0,0.9873011504363318,215.65785902551752,0.3657480298580298,0.37045234850216635,3.4081255070477874
0.7000000000000001,oven-1-c12-to-n13,24.0,0.9870594501105958,216.39341592078145,0.38159075078681737,0.3865934830410283,3.407655883471487
0.7000000000000001,oven-1-c12-to-n13,25.0,0.9868231605275696,217.121239583906,0.3974950972112078,0.402802764579118,3.407196772962119
0.7000000000000001,oven-1-c12-to-n13,26.0,0.9865938679783798,217.88253236092515,0.4134595246595023,0.4190777361172114,3.4067512576840735
0.7000000000000001,oven-1-c12-to-n13,27.0,0.9863690909814212,218.62320105015587,0.4294826510509641,0.4354177913499255,3.4063145161226966
0.7000000000000001,oven-1-c12-to-n13,28.0,0.9861502330254559,219.3825443360702,0.4455632312072984,0.4518208446195205,3.405889275252221
0.7000000000000001,oven-1-c12-to-n13,29.0,0.9859368287233807,220.15483836077223,0.4617001361289169,0.4682857183930734,3.4054746308302373
0.7000000000000001,oven-1-c12-to-n13,30.0,0.9857273569004932,220.90861254465577,0.47789233601913705,0.4848118829955322,3.40506762721146
0.7000000000000001,oven-1-c12-to-n13,31.0,0.9855233781993137,221.68749346384388,0.49413888628157016,0.5013974272070842,3.404671296720757
0.7000000000000001,oven-1-c12-to-n13,32.0,0.9853241432466104,222.47824893248085,0.5104389158948333,0.5180416205097278,3.404284183337522
0.7000000000000001,oven-1-c12-to-n13,33.0,0.9851282834483588,223.25201009766383,0.5267916177022248,0.5347441815985985,3.403903627874045
0.7000000000000001,oven-1-c12-to-n13,34.0,0.9849366256163842,224.03375890693877,0.543196240254629,0.5515037476798985,3.4035312368304376
0.7000000000000001,oven-1-c12-to-n13,35.0,0.9847500463646331,224.84969456091906,0.5596520809214616,0.568318918072164,3.4031687134580952
0.7000000000000001,oven-1-c12-to-n13,36.0,0.9845663578065647,225.6497655718807,0.5761584800431524,0.5851900945780121,3.402811806709089
0.7000000000000001,oven-1-c12-to-n13,37.0,0.9843854420571646,226.43482444387197,0.5927148159440555,0.6021166004907617,3.402460287523916
0.7000000000000001,oven-1-c12-to-n13,38.0,0.9842093346906182,227.25952075154015,0.609320500660045,0.6190964454239626,3.4021181110237078
0.7000000000000001,oven-1-c12-to-n13,39.0,0.984036613786216,228.0919933778692,0.6259749762627432,0.6361297613248541,3.401782514414075
0.7000000000000001,oven-1-c12-to-n13,40.0,0.9838662738218923,228.91019131496,0.6426777116843498,0.6532165282867423,3.4014515439704467
0.7000000000000001,oven-1-c12-to-n13,41.0,0.9836982251690587,229.71480323447287,0.6594281999642801,0.6703561957234909,3.401125025544454
0.7000000000000001,oven-1-c12-to-n13,42.0,0.98353453989717,230.56169823415624,0.6762259558529236,0.6875467290895793,3.4008069851666995
0.7000000000000001,oven-1-c12-to-n13,43.0,0.9833738404650446,231.41893224072018,0.6930705137189164,0.7047884387397964,3.400494746270852
0.7000000000000001,oven-1-c12-to-n13,44.0,0.9832151094491359,232.26306085399688,0.7099614257154208,0.7220814843998782,3.400186332008081
0.7000000000000001,oven-1-c12-to-n13,45.0,0.9830582804393904,233.09465716701285,0.7268982601682588,0.7394253978953946,3.3998816133444896
0.7000000000000001,oven-1-c12-to-n13,46.0,0.9829041081859776,233.93579220374397,0.7438806001547511,0.7568190975695868,3.3995820568740895
0.7000000000000001,oven-1-c12-to-n13,47.0,0.9827535512447886,234.74364889876176,0.760908042247062,0.7742613000820708,3.3992895247112074
0.7000000000000001,oven-1-c12-to-n13,48.0,0.9826039383926501,235.529349168832,0.7779801953978944,0.791753589620778,3.398998827158169
0.7000000000000001,oven-1-c12-to-n13,49.0,0.98245554765451,236.30426027506803,0.7950966799497692,0.8092953231807416,3.3987105040405248
0.7000000000000001,oven-1-c12-to-n13,50.0,0.9823084822226433,237.0688202436801,0.8122571267518969,0.8268859950328681,3.398424756008479
0.7000000000000001,oven-1-c12-to-n13,51.0,0.9821638027830709,237.85006596114425,0.8294611763710278,0.8445242779469747,3.3981436438253407
0.7000000000000001,oven-1-c12-to-n13,52.0,0.9820223334981703,238.67084780617213,0.846708478384536,0.8622089839529231,3.3978687690948726
0.7000000000000001,oven-1-c12-to-n13,53.0,0.9818821204411228,239.48141578429795,0.8639986907457528,0.8799413623680107,3.3975963353381777
0.7000000000000001,oven-1-c12-to-n13,54.0,0.9817431493878206,240.28214102894904,0.8813314792128918,0.8977210380968362,3.3973263145454875
0.7000000000000001,oven-1-c12-to-n13,55.0,0.9816054082749984,241.07337525711495,0.898706516834,0.9155476419117546,3.3970586836509082
0.7000000000000001,oven-1-c12-to-n13,56.0,0.9814688673118485,241.85544991693612,0.9161234834815863,0.9334208287123391,3.3967933847482823
0.7000000000000001,oven-1-c12-to-n13,57.0,0.9813361003146215,242.70057665351692,0.9335820654311662,0.9513377375313665,3.3965354184789165
0.7000000000000001,oven-1-c12-to-n13,58.0,0.9812046686161443,243.54363120642873,0.9510819549788878,0.9693002748552547,3.396280046749477
0.7000000000000001,oven-1-c12-to-n13,59.0,0.9810742782329297,244.37753855873737,0.968622850093926,0.9873083736723475,3.396026698317935
0.7000000000000001,oven-1-c12-to-n13,60.0,0.980944909211321,245.20259505102942,0.9862044541018856,1.005361712815038,3.39577533439185
0.7000000000000001,oven-1-c12-to-n13,61.0,0.9808165431434603,246.01908305748327,1.0038264753959367,1.0234599756838634,3.39552591920544
0.7000000000000001,oven-1-c12-to-n13,62.0,0.9806891536083078,246.82727080054926,1.0214886271727484,1.0416028600034217,3.3952784014184116
0.7000000000000001,oven-1-c12-to-n13,63.0,0.98056518708836,247.70032045261914,1.0391906271907296,1.0597873969770932,3.395037534547254
0.7000000000000001,oven-1-c12-to-n13,64.0,0.9804424085918289,248.57458865947922,1.056932197548245,1.0780155859090954,3.394798976006591
0.7000000000000001,oven-1-c12-to-n13,65.0,0.9803204641244148,249.4405034280794,1.0747130644798704,1.096287493538925,3.3945620379840165
0.7000000000000001,oven-1-c12-to-n13,66.0,0.980199336637094,250.29830874476707,1.092532958168886,1.1146028336615599,3.3943266873532396
0.7000000000000001,oven-1-c12-to-n13,67.0,0.9800790082442351,251.14823796112734,1.1103916125744484,1.1329613258054185,3.3940928893624798
0.7000000000000001,oven-1-c12-to-n13,68.0,0.9799594629954081,251.99051473297789,1.128288765272034,1.1513626919048598,3.393860613020075
0.7000000000000001,oven-1-c12-to-n13,69.0,0.979841255928255,252.84346802573057,1.146224157305915,1.169805976601829,3.393630936763807
0.7000000000000001,oven-1-c12-to-n13,70.0,0.9797259021548843,253.75737039783402,1.164197533052543,1.1882890209311783,3.3934068044957866
0.75,oven-1-c12-to-n13,5.0,4.062538878198057e-09,5.000508536009122,0.09515523621786988,23422603.221972384,6.723918861290918e-06
0.75,oven-1-c12-to-n13,6.0,2.7495048721503377e-08,6.00437351060453,0.10836727719890217,3941337.885833608,6.102209777398852e-05
0.75,oven-1-c12-to-n13,7.0,1.280480858620616e-07,7.027157429160072,0.12196891508742352,952524.313552123,0.00036975453953556875
0.75,oven-1-c12-to-n13,8.0,4.753638729735549e-07,8.125136729999866,0.13586361492917873,285809.71894079336,0.001748847659583866
0.75,oven-1-c12-to-n13,9.0,1.633570279469647e-06,9.525988142513762,0.14998889289507789,91816.61467529461,0.00761446699416432
0.75,oven-1-c12-to-n13,10.0,0.883791469944591,184.0319088991737,0.1643024390755693,0.18590634178203844,2.958706263718762
0.75,oven-1-c12-to-n13,11.0,0.9845870332170739,196.28897728204086,0.1787744981354703,0.18157307795465913,3.154551979036088
0.75,oven-1-c12-to-n13,12.0,0.9881667583800919,197.42283158348573,0.19338346332532183,0.1956992194741873,3.1615073827300293
0.75,oven-1-c12-to-n13,13.0,0.9889874316826174,198.26079469596183,0.20811321005466005,0.21043059131761246,3.163101950505443
0.75,oven-1-c12-to-n13,14.0,0.9891263957663398,199.02663208969156,0.22295141726849477,0.2254023532510827,3.163371957579276
0.75,oven-1-c12-to-n13,15.0,0.9890232920260658,199.76285833477698,0.23788847389948234,0.2405286870566571,3.163171627062702
0.75,oven-1-c12-to-n13,16.0,0.9888264327084461,200.51106994912487,0.25291674491974264,0.25577466029805734,3.1627891295317085
0.75,oven-1-c12-to-n13,17.0,0.9885852448258104,201.2546547700058,0.2680300657116167,0.2711248899520484,3.1623205016293694
0.75,oven-1-c12-to-n13,18.0,0.9883269884725097,201.99624097489072,0.28322338561929766,0.2865685030589201,3.1618187096991424
0.75,oven-1-c12-to-n13,19.0,0.9880651067348626,202.7578164706266,0.2984925114832497,0.3020980190967792,3.1613098736479452
0.75,oven-1-c12-to-n13,20.0,0.9878031742713533,203.5072516196016,0.313833919718527,0.31770896054269576,3.160800939179141
0.75,oven-1-c12-to-n13,21.0,0.9875466256405577,204.28427201897733,0.3292446163478496,0.3333965281226999,3.1603024652143024
0.75,oven-1-c12-to-n13,22.0,0.9872945543354998,205.04983977874494,0.3447220312030643,0.34915824227864806,3.1598126908277324
0.75,oven-1-c12-to-n13,23.0,0.9870492444273626,205.83441344423943,0.3602639368779348,0.3649908440859424,3.159336053835759
0.75,oven-1-c12-to-n13,24.0,0.9868100844024488,206.62252821615297,0.37586838588187915,0.38089232348034,3.158871366056957
0.75,oven-1-c12-to-n13,25.0,0.986576435725,207.40263123446832,0.3915336613624519,0.3968609498307424,3.158417386825882
0.75,oven-1-c12-to-n13,26.0,0.9863504155360812,208.2190440641255,0.40725823807101424,0.4128940705617988,3.157978229739881
0.75,oven-1-c12-to-n13,27.0,0.9861288821640992,209.01358638725364,0.42304075115076883,0.42899134058662697,3.1575477905390845
0.75,oven-1-c12-to-n13,28.0,0.9859137172034931,209.8285438884498,0.43887997096231285,0.445150486603614,3.1571297251615915
0.75,oven-1-c12-to-n13,29.0,0.9857043752593354,210.65777148162692,0.454774782615162,0.4613703601503365,3.1567229738988734
0.75,oven-1-c12-to-n13,30.0,0.9854989247428195,211.4538539525642,0.4707241692009684,0.4776506167409678,3.1563237836758073
0.75,oven-1-c12-to-n13,31.0,0.9852986474595462,212.20306880640138,0.48672719796326364,0.49398951192942475,3.155934645038399
0.75,oven-1-c12-to-n13,32.0,0.985102656931619,212.96370345823414,0.502783008815221,0.510386410266399,3.1555538355693975
0.75,oven-1-c12-to-n13,33.0,0.9849096125099331,213.70794476469172,0.5188908047487821,0.5268410401909331,3.1551787503820314
0.75,oven-1-c12-to-n13,34.0,0.9847207255903809,214.45990450730002,0.5350498437778841,0.5433518660400892,3.1548117433369427
0.75,oven-1-c12-to-n13,35.0,0.984537162645302,215.24486117528264,0.5512594321341096,0.5599173429400665,3.154455080527737
0.75,oven-1-c12-to-n13,36.0,0.9843563394699654,216.0145426301933,0.5675189184910542,0.5765380845686829,3.1541037412167134
0.75,oven-1-c12-to-n13,37.0,0.9841781832908023,216.7697733759461,0.5838276890385308,0.5932134027665426,3.153757583873532
0.75,oven-1-c12-to-n13,38.0,0.9840051898265939,217.56326984465355,0.6001851632626662,0.6099410546487399,3.153421457683323
0.75,oven-1-c12-to-n13,39.0,0.9838356799059765,218.36430149297075,0.6165907903152947,0.6267213142485554,3.153092100015202
0.75,oven-1-c12-to-n13,40.0,0.9836684804940066,219.15159764883686,0.6330440458777892,0.6435542649083044,3.152767231663209
0.75,oven-1-c12-to-n13,41.0,0.9835035135253815,219.92582159084319,0.6495444294415208,0.6604393583844151,3.1524467009493002
0.75,oven-1-c12-to-n13,42.0,0.9833432861134221,220.7408715268473,0.6660914619410476,0.6773742917122215,3.152135379187488
0.75,oven-1-c12-to-n13,43.0,0.9831861717670288,221.56593313649574,0.6826846836870842,0.6943595254804397,3.151830106115036
0.75,oven-1-c12-to-n13,44.0,0.9830309713307003,222.3783877284371,0.6993236525552982,0.7113953404831632,3.1515285517621825
0.75,oven-1-c12-to-n13,45.0,0.9828776293872683,223.1787873347861,0.716007942394233,0.7284812686606741,3.1512306084776034
0.75,oven-1-c12-to-n13,46.0,0.982727060748685,223.98842580361628,0.7327371416215968,0.7456161236298562,3.1509380536935776
0.75,oven-1-c12-to-n13,47.0,0.982580930156636,224.8448671618333,0.7495108519830297,0.7627980851038378,3.150654122046164
0.75,oven-1-c12-to-n13,48.0,0.9824363876976518,225.6895521003513,0.7663286874514824,0.780028811073845,3.1503732761454923
0.75,oven-1-c12-to-n13,49.0,0.9822933878677683,226.52295002361583,0.7831902732486528,0.7973078948934981,3.150095427561868
0.75,oven-1-c12-to-n13,50.0,0.9821518835613374,227.34550249445365,0.8000952449727063,0.8146349443138229,3.1498204847864635
0.75,oven-1-c12-to-n13,51.0,0.982013132847078,228.18635839254952,0.8170432478187836,0.8320084737054285,3.14955089223568
0.75,oven-1-c12-to-n13,52.0,0.9818781471442246,229.0701928586264,0.8340339358807987,0.8494271293302247,3.149288615102564
0.75,oven-1-c12-to-n13,53.0,0.9817444265643189,229.94333129377875,0.8510669715245572,0.8668925929153718,3.149028796099905
0.75,oven-1-c12-to-n13,54.0,0.9816119331957435,230.806158150685,0.8681420248236615,0.8844045141111229,3.1487713615696085
0.75,oven-1-c12-to-n13,55.0,0.9814806356160767,231.65903814098257,0.8852587730508115,0.9019625461027393,3.148516250455609
0.75,oven-1-c12-to-n13,56.0,0.9813505005772784,232.50231675750234,0.9024169002181343,0.9195663523759233,3.1482633981581913
0.75,oven-1-c12-to-n13,57.0,0.9812248256105008,233.41405747709553,0.9196160966609066,0.9372124233492947,3.1480192117759898
0.75,oven-1-c12-to-n13,58.0,0.9811004257666254,234.29434371735715,0.9368560586598774,0.9549033249351864,3.1477775029585464
0.75,oven-1-c12-to-n13,59.0,0.9809762475316464,235.10050901735838,0.954136488097923,0.9726397458641245,3.147536224775481
0.75,oven-1-c12-to-n13,60.0,0.9808524501418028,235.89806554811963,0.9714570921473449,0.9904212320690031,3.1472956864778014
0.75,oven-1-c12-to-n13,61.0,0.9807292577097284,236.68731136877688,0.9888175829845479,1.0082472560201865,3.1470563236615368
0.75,oven-1-c12-to-n13,62.0,0.9806067810199753,237.4685197494806,1.0062176775292206,1.0261173969066442,3.146818351529867
0.75,oven-1-c12-to-n13,63.0,0.9804880479478466,238.31256653942873,1.0236570972055448,1.044028123900185,3.146587653246818
0.75,oven-1-c12-to-n13,64.0,0.9803703840474912,239.157807956269,1.0411355677231358,1.0619818638592218,3.1463590324640376
0.75,oven-1-c12-to-n13,65.0,0.9802534098873604,239.99497576834813,1.0586528188758018,1.0799787159092362,3.1461317517560903
0.75,oven-1-c12-to-n13,66.0,0.9801371304688878,240.82430755554466,1.0762085843563436,1.0980183801847159,3.14590582080854
0.75,oven-1-c12-to-n13,67.0,0.9800215472494221,241.6460303850052,1.0938026015858486,1.1161005639679762,3.1456812428122594
0.75,oven-1-c12-to-n13,68.0,0.9799066577110362,242.4603613068065,1.1114346115561007,1.1342249823593409,3.1454580123902307
0.75,oven-1-c12-to-n13,69.0,0.9797931466961479,243.28505815080453,1.1291043586838643,1.1523905453831682,3.145237460633191
0.75,oven-1-c12-to-n13,70.0,0.979682847183927,244.16882795373766,1.1468115906759566,1.17059474295425,3.145023148700564
0.8,oven-1-c12-to-n13,5.0,4.222179504325358e-09,5.000402868538282,0.09375598870521293,22205590.408736955,5.243070657741328e-06
0.8,oven-1-c12-to-n13,6.0,2.855580315637035e-08,6.003460965533292,0.10676046865011288,3738661.0373204057,4.7540287970071666e-05
0.8,oven-1-c12-to-n13,7.0,1.3254860500760988e-07,7.021401855819227,0.12014958928201121,906456.8372870706,0.00028692938824862667
0.8,oven-1-c12-to-n13,8.0,4.862507032825879e-07,8.098520885663083,0.13382804606042306,275224.37532115605,0.001338072421083111
0.8,oven-1-c12-to-n13,9.0,1.5949636949363729e-06,9.384288531223872,0.14773414727270728,92625.39814650813,0.005509074776868123
0.8,oven-1-c12-to-n13,10.0,7.294251996843512e-06,12.415323020735006,0.16182611735521574,22185.430037959173,0.034724500078103404
0.8,oven-1-c12-to-n13,11.0,0.9803636492128218,185.54017812563998,0.1760745757425896,0.17960128966834688,2.898045946587992
0.8,oven-1-c12-to-n13,12.0,0.9869030025209169,187.10461364167531,0.19045818728480787,0.1929857207834072,2.9107519059070954
0.8,oven-1-c12-to-n13,13.0,0.9882665385966847,188.06364404834702,0.20496102978801772,0.20739448497270543,2.9134012556327833
0.8,oven-1-c12-to-n13,14.0,0.9885897980407407,188.90246976451184,0.21957093669389036,0.22210520190381497,2.9140293485247724
0.8,oven-1-c12-to-n13,15.0,0.9885655508484943,189.69708845040196,0.23427841736813707,0.2369882474329132,2.9139822362548156
0.8,oven-1-c12-to-n13,16.0,0.9884084042995845,190.50002534343722,0.2490759324163233,0.2519969795206526,2.913676900599301
0.8,oven-1-c12-to-n13,17.0,0.9881875285474437,191.24778137457656,0.2639573944240837,0.2671126550363167,2.913247739153081
0.8,oven-1-c12-to-n13,18.0,0.9879395425163232,191.9570755500575,0.27891781599152105,0.28232275760630626,2.9127659024522243
0.8,oven-1-c12-to-n13,19.0,0.9876832468379327,192.6850152294014,0.2939530564884825,0.2976187532081495,2.912267920263365
0.8,oven-1-c12-to-n13,20.0,0.987423950806193,193.40103461290744,0.3090596364900881,0.3129958881772647,2.911764108088504
0.8,oven-1-c12-to-n13,21.0,0.9871691175404654,194.1433916172762,0.3242345995636832,0.328448888647889,2.9112689672162535
0.8,oven-1-c12-to-n13,22.0,0.9869178488185536,194.87471347666383,0.3394754077948319,0.34397534526426926,2.9107807522509854
0.8,oven-1-c12-to-n13,23.0,0.9866732752951697,195.62425729771118,0.3547798617539668,0.35957177582197325,2.9103055460490412
0.8,oven-1-c12-to-n13,24.0,0.9864347791020899,196.37721675811324,0.3701460384357578,0.3752362003828435,2.9098421480970535
0.8,oven-1-c12-to-n13,25.0,0.9862016884267506,197.1225256318786,0.3855722425972194,0.3909669260578005,2.9093892530610868
0.8,oven-1-c12-to-n13,26.0,0.9859767801216961,197.90270093685132,0.40105696821077275,0.40676106810676776,2.908952256367435
0.8,oven-1-c12-to-n13,27.0,0.985756215551403,198.66195117765372,0.4165988676418042,0.4226185552467159,2.908523699567813
0.8,oven-1-c12-to-n13,28.0,0.9855424249232903,199.4408332999459,0.4321967267882542,0.43853690704577664,2.908108304507258
0.8,oven-1-c12-to-n13,29.0,0.9853347955821287,200.2334571694714,0.44784944486737127,0.454515000257131,2.9077048808684895
0.8,oven-1-c12-to-n13,30.0,0.9851310077626998,201.00731336378362,0.46355601785792433,0.47055266173246524,2.9073089212120973
0.8,oven-1-c12-to-n13,31.0,0.9849336916962376,201.8074798130512,0.4793155248422779,0.48664750620603514,2.9069255362232242
0.8,oven-1-c12-to-n13,32.0,0.9847417450556684,202.62029926941125,0.4951271166671869,0.5027989512511191,2.906552584021496
0.8,oven-1-c12-to-n13,33.0,0.9845530720645639,203.4159123667524,0.5109900064723631,0.5190070713007272,2.9061859925188145
0.8,oven-1-c12-to-n13,34.0,0.9843690881639785,204.22015335218552,0.5269034617340074,0.5352702234044905,2.905828511917191
0.8,oven-1-c12-to-n13,35.0,0.9841912628896506,205.06015819677398,0.5428667975451574,0.5515866864650522,2.9054829975253544
0.8,oven-1-c12-to-n13,36.0,0.9840162006024127,205.88411683951028,0.5588793709119284,0.5679574894902986,2.905142851612222
0.8,oven-1-c12-to-n13,37.0,0.9838438119134709,206.692891292598,0.5749405758890064,0.5843819607614429,2.90480790049616
0.8,oven-1-c12-to-n13,38.0,0.9836773774619307,207.54311844164917,0.591049839412236,0.600857408083587,2.904484518467608
0.8,oven-1-c12-to-n13,39.0,0.9835147129613029,208.4017995331855,0.6072066177131753,0.617384376370856,2.9041684614415546
0.8,oven-1-c12-to-n13,40.0,0.983354294307991,209.24606004969078,0.623410393221924,0.6339631573588971,2.9038567681002325
0.8,oven-1-c12-to-n13,41.0,0.9831960435039495,210.07659378184957,0.6396606718814002,0.650593211910978,2.903549286892827
0.8,oven-1-c12-to-n13,42.0,0.9830432598981699,210.9513991295661,0.6559569808099528,0.6672717341838051,2.9032524284431047
0.8,oven-1-c12-to-n13,43.0,0.9828935669626645,211.78495452153996,0.6722988662600284,0.6839996606525414,2.9029615751658686
0.8,oven-1-c12-to-n13,44.0,0.9827445926536214,212.56578633927631,0.6886858918294798,0.7007781034641769,2.9026721181764934
0.8,oven-1-c12-to-n13,45.0,0.9825967286290394,213.33496656792622,0.705117636889277,0.7176063346690427,2.902384818472483
0.8,oven-1-c12-to-n13,46.0,0.98245140040468,214.1130409556281,0.7215936951972401,0.7344828404743579,2.9021024458230906
0.8,oven-1-c12-to-n13,47.0,0.9823107808380733,214.93621681127053,0.7381136736722337,0.7514054493451663,2.901829222094609
0.8,oven-1-c12-to-n13,48.0,0.9821714544541856,215.74807940712788,0.754677191307218,0.7683762217734262,2.9015585110190814
0.8,oven-1-c12-to-n13,49.0,0.9820334404067039,216.54908589687642,0.7712838782028495,0.7853947192301581,2.9012903498153615
0.8,oven-1-c12-to-n13,50.0,0.9818967448667443,217.33966557244509,0.787933374706036,0.8024605222751486,2.9010247504649573
0.8,oven-1-c12-to-n13,51.0,0.9817629340848876,218.14790799449827,0.8046253306401345,0.8195719177258765,2.9007647562035337
0.8,oven-1-c12-to-n13,52.0,0.981633262674913,218.99759430765363,0.8213594046154186,0.8367273561790742,2.900512804737109
0.8,oven-1-c12-to-n13,53.0,0.9815047146172249,219.83700427868382,0.838135263409988,0.8539289225287632,2.9002630359424866
0.8,oven-1-c12-to-n13,54.0,0.9813772736867074,220.6665088755309,0.8549525814126844,0.8711762584443314,2.9000154182952986
0.8,oven-1-c12-to-n13,55.0,0.9812509223381324,221.4864593262008,0.8718110401207133,0.8884690146770565,2.8997699177026237
0.8,oven-1-c12-to-n13,56.0,0.981125639093352,222.2971881842747,0.8887103276856837,0.9058068531436317,2.899526492441783
0.8,oven-1-c12-to-n13,57.0,0.9810054171270435,223.17393119405722,0.9056501385025056,0.9231856651258643,2.899292901235907
0.8,oven-1-c12-to-n13,58.0,0.9808864988210292,224.04887167652143,0.9226301728364037,0.940608494403128,2.8990618430417823
0.8,oven-1-c12-to-n13,59.0,0.9807684549256075,224.9146271529656,0.9396501364838447,0.9580754068554523,2.8988324838273223
0.8,oven-1-c12-to-n13,60.0,0.9806512718169953,225.7714937302855,0.9567097404637164,0.9755860905488666,2.8986047971223434
0.8,oven-1-c12-to-n13,61.0,0.9805349400733244,226.61975401293228,0.973808700735559,0.9931402349239463,2.898378764616342
0.8,oven-1-c12-to-n13,62.0,0.980419444089189,227.45967674887285,0.9909467379419815,1.0107375408721848,2.8981543559925425
0.8,oven-1-c12-to-n13,63.0,0.9803085859426566,228.36766537246413,1.008123577172849,1.0283737096961623,2.897938958686988
0.8,oven-1-c12-to-n13,64.0,0.9801989147880569,229.27729652709664,1.0253389477489407,1.0460519107702178,2.8977258677007987
0.8,oven-1-c12-to-n13,65.0,0.9800899028441371,230.17856450558773,1.0425925830232166,1.0637723947545037,2.8975140575631517
0.8,oven-1-c12-to-n13,66.0,0.9799815357259877,231.07171181932424,1.059884220197919,1.081534887708612,2.897303500323869
0.8,oven-1-c12-to-n13,67.0,0.9798738044307352,231.95697121875,1.0772136001559947,1.099339114164614,2.897094178483392
0.8,oven-1-c12-to-n13,68.0,0.9797666972564665,232.83456537022704,1.0945804673054629,1.1171848056996598,2.896886069312382
0.8,oven-1-c12-to-n13,69.0,0.9796610879266293,233.72367171221737,1.1119845694355166,1.135070672031017,2.8966808704535993
0.8,oven-1-c12-to-n13,70.0,0.9795590637873739,234.61039178945413,1.1294256575832737,1.1529939330217154,2.896482637615935
0.8500000000000001,oven-1-c12-to-n13,5.0,4.364363652878063e-09,5.000298913067611,0.09235677833129362,21161568.026163284,3.828056442736302e-06
0.8500000000000001,oven-1-c12-to-n13,6.0,2.9497473586150963e-08,6.002564961114386,0.10515369485933039,3564837.3258888163,3.467714953541708e-05
0.8500000000000001,oven-1-c12-to-n13,7.0,1.3647847470035602e-07,7.0157963468056765,0.11833029619106714,867025.3419146576,0.00020848100852236475
0.8500000000000001,oven-1-c12-to-n13,8.0,4.948424967768632e-07,8.073340061860282,0.1317925081420711,266332.23500507,0.0009588004283087898
0.8500000000000001,oven-1-c12-to-n13,9.0,1.5608466106411271e-06,9.265643142646448,0.14547943106483324,93205.46303078218,0.0037670167724815178
0.8500000000000001,oven-1-c12-to-n13,10.0,5.3366279892377686e-06,11.166364056184836,0.15934982369992234,29859.646207545058,0.01642126185798576
0.8500000000000001,oven-1-c12-to-n13,11.0,0.965209597645786,173.1645698725274,0.17337468021882335,0.17962386681783563,2.6203016340371716
0.8500000000000001,oven-1-c12-to-n13,12.0,0.9842435245084148,176.070153513213,0.18753293704497476,0.19053509865725454,2.657284541819678
0.8500000000000001,oven-1-c12-to-n13,13.0,0.9869255647543836,177.13214274301336,0.20180887436058145,0.2044823658112511,2.66249574431057
0.8500000000000001,oven-1-c12-to-n13,14.0,0.9876398150123982,177.97294600201326,0.21619048008758412,0.21889607608100553,2.663883532108373
0.8500000000000001,oven-1-c12-to-n13,15.0,0.9877734891073215,178.74470625953356,0.2306683840115538,0.23352356239082225,2.66414326079116
0.8500000000000001,oven-1-c12-to-n13,16.0,0.9876929755607873,179.51492759819246,0.2452351423607761,0.2482908640932044,2.663986823017966
0.8500000000000001,oven-1-c12-to-n13,17.0,0.9875106184025028,180.27404556017058,0.25988474491537933,0.26317159539590085,2.663632503176077
0.8500000000000001,oven-1-c12-to-n13,18.0,0.9872844284535662,181.02831999934853,0.27461226752408974,0.27814909220661865,2.663193016244267
0.8500000000000001,oven-1-c12-to-n13,19.0,0.9870423986569655,181.8018320583424,0.28941362208005494,0.29321295870759967,2.662722752508689
0.8500000000000001,oven-1-c12-to-n13,20.0,0.9867924110646725,182.56239868707766,0.30428537331334066,0.3083580395445485,2.6622370267771847
0.8500000000000001,oven-1-c12-to-n13,21.0,0.9865456129295467,183.35114552191743,0.3192246023315771,0.3235781479820683,2.6617574981577263
0.8500000000000001,oven-1-c12-to-n13,22.0,0.9863007965636538,184.12828806404082,0.33422880347033973,0.33887106715802934,2.6612818201116153
0.8500000000000001,oven-1-c12-to-n13,23.0,0.986062733630636,184.92516156700796,0.3492958052735478,0.3542328427598691,2.660819263987033
0.8500000000000001,oven-1-c12-to-n13,24.0,0.9858306973539097,185.72600280312366,0.36442370921837053,0.36966155567738795,2.660368417649085
0.8500000000000001,oven-1-c12-to-n13,25.0,0.9856038705748155,186.5190031705317,0.37961084166889236,0.38515559141168854,2.6599276933594047
0.8500000000000001,oven-1-c12-to-n13,26.0,0.9853863941518569,187.34964920743528,0.39485571581650575,0.400711556562912,2.6595051368100466
0.8500000000000001,oven-1-c12-to-n13,27.0,0.9851728001091062,188.1582775040921,0.41015700124694665,0.4163300095186575,2.6590901237204854
0.8500000000000001,oven-1-c12-to-n13,28.0,0.9849667067636257,188.9882825400803,0.42551349939388367,0.43200800237403275,2.6586896844807497
0.8500000000000001,oven-1-c12-to-n13,29.0,0.9847673094606502,189.83337849380297,0.4409241235808667,0.4477444766341377,2.6583022556447533
0.8500000000000001,oven-1-c12-to-n13,30.0,0.9845714022165629,190.65875185174716,0.45638788267250835,0.4635396494810265,2.6579216079945964
0.8500000000000001,oven-1-c12-to-n13,31.0,0.9843821763779225,191.4414871632793,0.47190386758887165,0.4793909102715194,2.6575539423085046
0.8500000000000001,oven-1-c12-to-n13,32.0,0.9841973914347681,192.21739931772254,0.4874712401092775,0.4952982443883938,2.6571949052826476
0.8500000000000001,oven-1-c12-to-n13,33.0,0.9840148632396616,192.97679125295775,0.5030892235202933,0.5112618135299075,2.656840253115201
0.8500000000000001,oven-1-c12-to-n13,34.0,0.9838368625065993,193.74444960294952,0.5187570947595623,0.5272795872253492,2.6564943978038973
0.8500000000000001,oven-1-c12-to-n13,35.0,0.9836654973482098,194.54638710458067,0.5344741777808323,0.543349521988604,2.6561614355012604
0.8500000000000001,oven-1-c12-to-n13,36.0,0.9834964099753414,195.33297189842864,0.5502398379220655,0.5594731534768504,2.655832898772523
0.8500000000000001,oven-1-c12-to-n13,37.0,0.9833295948586018,196.10503454907777,0.5660534771022074,0.5756497923604174,2.6555087770909385
0.8500000000000001,oven-1-c12-to-n13,38.0,0.9831693838921469,196.91684051595428,0.5819145297062639,0.5918761703121744,2.655197487284339
0.8500000000000001,oven-1-c12-to-n13,39.0,0.9830129881933396,197.7367769213357,0.597822459045006,0.6081531640225143,2.6548936105391707
0.8500000000000001,oven-1-c12-to-n13,40.0,0.9828585128642335,198.5429305680161,0.6137767542967951,0.6244812923358978,2.654593465072394
0.8500000000000001,oven-1-c12-to-n13,41.0,0.982705935737719,199.33596862784265,0.6297769278556675,0.6408600019118567,2.654297007813118
0.8500000000000001,oven-1-c12-to-n13,42.0,0.9825595187633154,200.1714618060098,0.64582251302337,0.6572858953483299,2.654012519722581
0.8500000000000001,oven-1-c12-to-n13,43.0,0.9824165925998116,201.01766525187898,0.66191306199372,0.6737600596118505,2.6537348142818473
0.8500000000000001,oven-1-c12-to-n13,44.0,0.9822752397902954,201.85124318508235,0.6780481440864207,0.6902832491544593,2.6534601659115835
0.8500000000000001,oven-1-c12-to-n13,45.0,0.9821354268618405,202.67274680209172,0.6942273441945601,0.7068550071681905,2.6531885094278747
0.8500000000000001,oven-1-c12-to-n13,46.0,0.9819987220056946,203.50415564534168,0.7104502614157849,0.7234737128422302,2.652922891981924
0.8500000000000001,oven-1-c12-to-n13,47.0,0.9818678662066308,204.38429601009904,0.7267165078419175,0.7401367667215035,2.6526686392468206
0.8500000000000001,oven-1-c12-to-n13,48.0,0.9817382421834905,205.2526850459616,0.7430257074856833,0.7568470652962596,2.6524167798511065
0.8500000000000001,oven-1-c12-to-n13,49.0,0.9816098239366919,206.10979015454595,0.7593774953264676,0.7736042130069829,2.652167263278863
0.8500000000000001,oven-1-c12-to-n13,50.0,0.9814825902426051,206.95605207569264,0.7757715164597047,0.7904078219746595,2.651920048293621
0.8500000000000001,oven-1-c12-to-n13,51.0,0.981358625136974,207.82162777978348,0.7922074253367742,0.8072557829979852,2.651679184172887
0.8500000000000001,oven-1-c12-to-n13,52.0,0.9812396039204814,208.73209219988715,0.8086848850841184,0.8241461941131081,2.651447926026076
0.8500000000000001,oven-1-c12-to-n13,53.0,0.9811215233741059,209.63189363527644,0.8252035668919578,0.8410819121101925,2.651218495599427
0.8500000000000001,oven-1-c12-to-n13,54.0,0.9810043657366324,210.52141413757283,0.8417631494642118,0.858062592649254,2.6509908583843136
0.8500000000000001,oven-1-c12-to-n13,55.0,0.9808881130093713,211.3944074456161,0.8583633185224383,0.8750878995658066,2.6507649794075965
0.8500000000000001,oven-1-c12-to-n13,56.0,0.9807719295843622,212.17280736369352,0.8750037663575839,0.8921582479714715,2.650539235089266
0.8500000000000001,oven-1-c12-to-n13,57.0,0.9806607903991343,213.01467529840625,0.8916841914240576,0.9092687299765878,2.65032329172177
0.8500000000000001,oven-1-c12-to-n13,58.0,0.980550237420691,213.85476917483567,0.9084042979714333,0.9264230054759504,2.6501084873562486
0.8500000000000001,oven-1-c12-to-n13,59.0,0.9804399662884798,214.68600699634015,0.9251637957096467,0.9436210553634562,2.649894230615424
0.8500000000000001,oven-1-c12-to-n13,60.0,0.9803301185524979,215.50868891961017,0.9419623995040609,0.9608624499825746,2.6496807965346836
0.8500000000000001,oven-1-c12-to-n13,61.0,0.9802207718193368,216.32309471575448,0.9587998290972438,0.9781468182087851,2.64946833590277
0.8500000000000001,oven-1-c12-to-n13,62.0,0.9801119775506579,217.12948878028456,0.9756758088546262,0.9954738144236153,2.649256948707882
0.8500000000000001,oven-1-c12-to-n13,63.0,0.980008472091588,218.00141669398184,0.9925900675316599,1.012838251707375,2.649055837667376
0.8500000000000001,oven-1-c12-to-n13,64.0,0.9799060277628294,218.87494885708938,1.0095423380601978,1.0302440330579752,2.648856788402372
0.8500000000000001,oven-1-c12-to-n13,65.0,0.9798040242292666,219.74045603024314,1.0265323573522669,1.047691509697317,2.648658595599039
0.8500000000000001,oven-1-c12-to-n13,66.0,0.9797024773089883,220.5981733888582,1.0435598661194714,1.0651803892400928,2.6484612902049895
0.8500000000000001,oven-1-c12-to-n13,67.0,0.9796013965548422,221.44832547054727,1.060624608706539,1.0827103885689089,2.648264890158649
0.8500000000000001,oven-1-c12-to-n13,68.0,0.9795007877648723,222.29112711277122,1.0777263329376523,1.1002812314188348,2.648069407343604
0.8500000000000001,oven-1-c12-to-n13,69.0,0.9794017342776908,223.1450403450394,1.0948647899743642,1.1178914143763767,2.647876946480319
0.8500000000000001,oven-1-c12-to-n13,70.0,0.9793071399228328,224.0607648946564,1.1120397341840256,1.1355372475602004,2.647693149706938
0.9,oven-1-c12-to-n13,5.0,4.4882885139731365e-09,5.000196994516362,0.09095760675447599,20265543.641257193,2.481887117261731e-06
0.9,oven-1-c12-to-n13,6.0,3.0314966615602694e-08,6.001688202718103,0.10354695737941584,3415704.153410536,2.2458025678509094e-05
0.9,oven-1-c12-to-n13,7.0,1.398218038707189e-07,7.010354374539584,0.11651103727669578,833282.3211494499,0.00013449400597352078
0.9,oven-1-c12-to-n13,8.0,5.011796104001174e-07,8.047488057306827,0.12975700255776612,258903.19531190515,0.0006101089315828451
0.9,oven-1-c12-to-n13,9.0,1.529074326598887e-06,9.164379296347725,0.1432247455867121,93667.61516772457,0.0023037099711411147
0.9,oven-1-c12-to-n13,10.0,4.4953022023906754e-06,10.599886780589083,0.15687355936481362,34897.22210030411,0.00835024500002088
0.9,oven-1-c12-to-n13,11.0,2.3820098238727837e-05,15.677922519999393,0.17067481276596888,7165.159902173607,0.06632410193301229
0.9,oven-1-c12-to-n13,12.0,0.9733785458782692,163.4852302622299,0.18460771375995533,0.18965664955496397,2.3878738952547995
0.9,oven-1-c12-to-n13,13.0,0.9830443303731315,165.4525654608873,0.19865674488357396,0.20208320087474627,2.406654508377854
0.9,oven-1-c12-to-n13,14.0,0.9852108883280122,166.51675611147073,0.2128100485219179,0.2160045641426831,2.4108641291055566
0.9,oven-1-c12-to-n13,15.0,0.985885383768917,167.3968861140852,0.22705837486663802,0.23030909941947017,2.41217467331785
0.9,oven-1-c12-to-n13,16.0,0.9860731285865542,168.24226375158938,0.24139437575753864,0.2448037257678398,2.4125394613800912
0.9,oven-1-c12-to-n13,17.0,0.9860386370438952,169.06142383072998,0.255812118160051,0.2594341728098664,2.4124724443333707
0.9,oven-1-c12-to-n13,18.0,0.9859051887584157,169.86901781193063,0.2703067411639157,0.274171131510447,2.41221315440455
0.9,oven-1-c12-to-n13,19.0,0.9857302738620446,170.69418719946148,0.2848742091792263,0.28899813339718444,2.4118732948711035
0.9,oven-1-c12-to-n13,20.0,0.9855297814158255,171.50385149927834,0.299511131085647,0.3039087572324453,2.4114837381720093
0.9,oven-1-c12-to-n13,21.0,0.9853263134975654,172.34123850354086,0.3142146255265595,0.31889397575429296,2.411088400137188
0.9,oven-1-c12-to-n13,22.0,0.9851162219704026,173.07998084272592,0.3289822190836799,0.33395269689667545,2.410680192433725
0.9,oven-1-c12-to-n13,23.0,0.9849089275793788,173.83704389904725,0.34381176827108834,0.34907975615174713,2.41027741956626
0.9,oven-1-c12-to-n13,24.0,0.9847039014552033,174.59750525000769,0.3587013990455803,0.36427336026138263,2.4098790539290116
0.9,oven-1-c12-to-n13,25.0,0.9845005410026578,175.3501893246653,0.3736494593758125,0.3795320000487474,2.4094839247039337
0.9,oven-1-c12-to-n13,26.0,0.9843069879099964,176.13868597045516,0.38865448166996636,0.39485088132433777,2.409107851169087
0.9,oven-1-c12-to-n13,27.0,0.9841141349235465,176.90600082799358,0.4037151527322134,0.4102320436273147,2.4087331379384587
0.9,oven-1-c12-to-n13,28.0,0.9839285889944493,177.6936281309129,0.4188302895302612,0.4256714300356852,2.4083726223109325
0.9,oven-1-c12-to-n13,29.0,0.9837492138695655,178.49557114361636,0.43399881949246655,0.4411681487249556,2.408024096562709
0.9,oven-1-c12-to-n13,30.0,0.9835711016658611,179.27861058682194,0.44921976436795663,0.45672322377824964,2.407678024664356
0.9,oven-1-c12-to-n13,31.0,0.9834006399804183,180.08884508586905,0.46449222691330716,0.4723326465626016,2.4073468177170407
0.9,oven-1-c12-to-n13,32.0,0.9832356919413155,180.912342697447,0.47981537983934275,0.4879963001464969,2.407026323783291
0.9,oven-1-c12-to-n13,33.0,0.9830721304651824,181.71858442201858,0.49518845657853366,0.5037152831748106,2.4067085239393022
0.9,oven-1-c12-to-n13,34.0,0.9829133012366068,182.5339940454844,0.5106107435291051,0.5194870624771318,2.4063999188498064
0.9,oven-1-c12-to-n13,35.0,0.9827624235520402,183.3863522791213,0.5260815735047392,0.535309003373674,2.406106763603855
0.9,oven-1-c12-to-n13,36.0,0.9826126292188699,184.22265091453252,0.5416003201745401,0.5511839600566568,2.405815713308203
0.9,oven-1-c12-to-n13,37.0,0.9824640160320512,185.0437595162298,0.5571663933210732,0.5671112470575173,2.405526957983215
0.9,oven-1-c12-to-n13,38.0,0.982323307998564,185.90767722587262,0.5727792347779231,0.5830862712042668,2.405253562359723
0.9,oven-1-c12-to-n13,39.0,0.9821862876941544,186.78063941373856,0.5884383149345417,0.5991107005942818,2.404987331995757
0.9,oven-1-c12-to-n13,40.0,0.9820502453524732,187.63922075705074,0.604143129717064,0.6151855595741209,2.4047230018152503
0.9,oven-1-c12-to-n13,41.0,0.9819152352240265,188.48411776353277,0.6198931979701984,0.6313102961772135,2.404460677219785
0.9,oven-1-c12-to-n13,42.0,0.9817876392893296,189.37480048401565,0.6356880591786794,0.6474802021736843,2.4042127583996824
0.9,oven-1-c12-to-n13,43.0,0.9816634929096001,190.27731932454722,0.6515272714773156,0.6636971591417974,2.4039715420655883
0.9,oven-1-c12-to-n13,44.0,0.9815398744200252,191.13194969476396,0.667410409907313,0.6799626049850234,2.403731351418321
0.9,oven-1-c12-to-n13,45.0,0.9814155326905047,191.9157621405009,0.6833370648835546,0.6962770020668188,2.4034897555174966
0.9,oven-1-c12-to-n13,46.0,0.9812931226848901,192.7089391267385,0.6993068408432148,0.7126380738610089,2.403251912949364
0.9,oven-1-c12-to-n13,47.0,0.9811768861988961,193.5487024229068,0.7153193550507969,0.7290421993346807,2.403026065531241
0.9,oven-1-c12-to-n13,48.0,0.9810607250916025,194.37717163722562,0.7313742365385343,0.7454933398442235,2.4028003645734763
0.9,oven-1-c12-to-n13,49.0,0.9809448384759816,195.19481517534462,0.7474711251643016,0.761990986491748,2.4025751969529914
0.9,oven-1-c12-to-n13,50.0,0.9808293610311865,196.0020685531658,0.7636096707718396,0.778534678008645,2.4023508244067715
0.9,oven-1-c12-to-n13,51.0,0.9807171650760474,196.8278043095306,0.7797895324403343,0.7951217335732749,2.402132827716482
0.9,oven-1-c12-to-n13,52.0,0.9806104918954407,197.69650354771795,0.7960103778122093,0.8117498072793263,2.4019255617640325
0.9,oven-1-c12-to-n13,53.0,0.9805040735971409,198.55499776919453,0.8122718824896241,0.8284227514829905,2.4017187910782414
0.9,oven-1-c12-to-n13,54.0,0.9803979863089092,199.40365986675562,0.8285737294914024,0.8451401788480734,2.401512663542346
0.9,oven-1-c12-to-n13,55.0,0.9802922748135638,200.24284015867653,0.8449156087632955,0.8619017312198907,2.4013072661714903
0.9,oven-1-c12-to-n13,56.0,0.980187010627438,201.0728745883138,0.8612972167354399,0.8787070297780275,2.401102737927368
0.9,oven-1-c12-to-n13,57.0,0.9800890631261929,201.97127984196317,0.8777182559215995,0.8955494851885593,2.400912425992968
0.9,oven-1-c12-to-n13,58.0,0.9799920299912512,202.86822576548857,0.8941784345555671,0.9124343945568106,2.400723890691651
0.9,oven-1-c12-to-n13,59.0,0.9798952429364749,203.7560967734438,0.910677466260621,0.9293620647974293,2.400535833547817
0.9,oven-1-c12-to-n13,60.0,0.9797987274335564,204.6351854951666,0.927215069748483,0.946332184138666,2.4003483039256666
0.9,oven-1-c12-to-n13,61.0,0.9797025094971596,205.5057711876055,0.9437909685446364,0.963344443232104,2.400161352536503
0.9,oven-1-c12-to-n13,62.0,0.9796066114981725,206.368120032665,0.9604048907372295,0.9803985390302985,2.3999750227895964
0.9,oven-1-c12-to-n13,63.0,0.9795173796052518,207.30113860063776,0.9770565687472007,0.9974877312957502,2.3998016452745836
0.9,oven-1-c12-to-n13,64.0,0.9794290889622367,208.23627416980696,0.9937457391173847,1.0146173422011768,2.399630096613064
0.9,oven-1-c12-to-n13,65.0,0.9793409089573502,209.16318448255757,1.0104721423187837,1.0317879433777326,2.399458762920855
0.9,oven-1-c12-to-n13,66.0,0.9792528871175425,210.08211178942025,1.0272355225722807,1.048999227968555,2.399287736540454
0.9,oven-1-c12-to-n13,67.0,0.979165044309809,210.99328512202217,1.044035627684305,1.066250918322173,2.3991170580195487
0.9,oven-1-c12-to-n13,68.0,0.9790770676835637,211.83799487203342,1.0608722088951252,1.083543108005873,2.398946119490726
0.9,oven-1-c12-to-n13,69.0,0.9789895055471253,212.656994140885,1.0777450207385815,1.1008749477209818,2.3987759863169185
0.9,oven-1-c12-to-n13,70.0,0.9789064814940194,213.53535635250878,1.0946538209121917,1.1182414680118544,2.398614670635115
0.9500000000000001,oven-1-c12-to-n13,5.0,4.593100551958492e-09,5.0000974723805305,0.08955847573335189,19498479.234286364,1.2077629774999648e-06
0.9500000000000001,oven-1-c12-to-n13,6.0,3.100287582700733e-08,6.000833697041713,0.10194025785713028,3288090.3831614144,1.0909861104187955e-05
0.9500000000000001,oven-1-c12-to-n13,7.0,1.4256150409443708e-07,7.005090881878683,0.11469181408944752,804507.6040546835,6.506058005947283e-05
0.9500000000000001,oven-1-c12-to-n13,8.0,5.054987858382452e-07,8.023021374731623,0.1277215307748745,252664.3670628799,0.00029125324683374544
0.9500000000000001,oven-1-c12-to-n13,9.0,1.4982625302060576e-06,9.076759357050928,0.14097009223320217,94089.04607246262,0.0010623080984668452
0.9500000000000001,oven-1-c12-to-n13,10.0,4.0013613325258426e-06,10.247236477709095,0.15439732568104583,38586.19925823673,0.003430839220779077
0.9500000000000001,oven-1-c12-to-n13,11.0,1.0638148727846311e-05,11.797408193416164,0.16797497465858027,15789.868985276607,0.011044377480384652
0.9500000000000001,oven-1-c12-to-n13,12.0,5.490066625100818e-05,17.876030699163596,0.18168251865376125,3309.295333923655,0.08265871391741686
0.9500000000000001,oven-1-c12-to-n13,13.0,0.023745103745693153,33.248309465219364,0.1955046425355049,8.233471819257273,0.2944367214681075
0.9500000000000001,oven-1-c12-to-n13,14.0,0.10243960669926241,44.4059205927645,0.20942964313417134,2.044420609198603,0.4473400906368527
0.9500000000000001,oven-1-c12-to-n13,15.0,0.8900336414326154,143.85483034142933,0.2234483910330907,0.2510561181411343,1.977634798948071
0.9500000000000001,oven-1-c12-to-n13,16.0,0.9541156608277794,152.63109128759368,0.23755363367188112,0.2489778162385286,2.102146121860057
0.9500000000000001,oven-1-c12-to-n13,17.0,0.9670966962403982,155.15745573712576,0.2517395151916717,0.2603043895923878,2.127368265406265
0.9500000000000001,oven-1-c12-to-n13,18.0,0.9725079636646916,156.60412498591484,0.2660012379152641,0.27352088399656327,2.13788235456891
0.9500000000000001,oven-1-c12-to-n13,19.0,0.9754791402277172,157.7435103650142,0.2803348187630577,0.28738166425333916,2.143655348739447
0.9500000000000001,oven-1-c12-to-n13,20.0,0.9772107483252269,158.72784965054058,0.2947369107587264,0.30161038574724575,2.147019862171022
0.9500000000000001,oven-1-c12-to-n13,21.0,0.9783800457914997,159.67511490023958,0.30920467007666397,0.3160373838435354,2.149291806403256
0.9500000000000001,oven-1-c12-to-n13,22.0,0.9791463089361441,160.564133436474,0.32373565554068223,0.3306305223091996,2.150780655206955
0.9500000000000001,oven-1-c12-to-n13,23.0,0.9797013426306612,161.44792314293318,0.33832775163154677,0.3453376421053792,2.151859085321726
0.9500000000000001,oven-1-c12-to-n13,24.0,0.9800901792568041,162.31602559674604,0.352979108782675,0.36014962322174965,2.1526145946395725
0.9500000000000001,oven-1-c12-to-n13,25.0,0.9803506097624601,163.16109920258674,0.3676880965646854,0.3750577527092848,2.15312061101853
0.9500000000000001,oven-1-c12-to-n13,26.0,0.9805574609569012,164.03693191489378,0.38245326660026835,0.39003656779791557,2.1535225226848267
0.9500000000000001,oven-1-c12-to-n13,27.0,0.9806834367342585,164.8812720318761,0.3972733229100291,0.4050984324085006,2.153767293540602
0.9500000000000001,oven-1-c12-to-n13,28.0,0.9807741583049392,165.74246257783187,0.41214709799394916,0.42022630235920805,2.153943565494258
0.9500000000000001,oven-1-c12-to-n13,29.0,0.9808329251629854,166.61470369779403,0.4270735333836292,0.4354192466700302,2.15405774946178
0.9500000000000001,oven-1-c12-to-n13,30.0,0.9808507984970083,167.46242520147035,0.4420516637113225,0.4506818614907523,2.1540924773386174
0.9500000000000001,oven-1-c12-to-n13,31.0,0.9808586531119675,168.3372317468036,0.45708060356887764,0.46600048041448094,2.154107738850926
0.9500000000000001,oven-1-c12-to-n13,32.0,0.9808525826290717,169.22421178872358,0.47215953659751336,0.4813766563492545,2.154095943905973
0.9500000000000001,oven-1-c12-to-n13,33.0,0.9808241259074265,170.09056627963014,0.4872877063746052,0.49681455982109185,2.154040652514644
0.9500000000000001,oven-1-c12-to-n13,34.0,0.9807864112749178,170.96539351415203,0.5024644087580621,0.5123076777796216,2.15396737300768
0.9500000000000001,oven-1-c12-to-n13,35.0,0.9807496166062212,171.87895269064873,0.5176889854206892,0.5278503061893579,2.153895880989071
0.9500000000000001,oven-1-c12-to-n13,36.0,0.9806989046686126,172.72669724090662,0.532960818361995,0.5434499985926746,2.153797347727023
0.9500000000000001,oven-1-c12-to-n13,37.0,0.9806354660158383,173.51127574266815,0.5482793252274979,0.5591061553739916,2.1536740864645543
0.9500000000000001,oven-1-c12-to-n13,38.0,0.9805761876486981,174.33603628970914,0.5636439552987504,0.5748089362136152,2.153558908635659
0.9500000000000001,oven-1-c12-to-n13,39.0,0.9805127719312576,175.16856556783122,0.5790541860433299,0.5905626143989959,2.153435691936982
0.9500000000000001,oven-1-c12-to-n13,40.0,0.9804410134713132,175.98651445396078,0.5945095201346352,0.6063694928772275,2.1532962652895127
0.9500000000000001,oven-1-c12-to-n13,41.0,0.9803627108419407,176.79072996373534,0.6100094828675797,0.6222283611171833,2.1531441233358013
0.9500000000000001,oven-1-c12-to-n13,42.0,0.9802911666431741,177.63829621250443,0.6255536199094569,0.6381304261381336,2.153005113002448
0.9500000000000001,oven-1-c12-to-n13,43.0,0.9802192432822212,178.49671610668867,0.6411414953356707,0.6540796864881335,2.1528653659587023
0.9500000000000001,oven-1-c12-to-n13,44.0,0.9801426232213183,179.34214937611574,0.656772689908565,0.6700786950270852,2.1527164932285445
0.9500000000000001,oven-1-c12-to-n13,45.0,0.9800621287734723,180.1752225595365,0.6724467995644807,0.6861267054630854,2.1525600925681534
0.9500000000000001,oven-1-c12-to-n13,46.0,0.9799822521175995,181.01847568646258,0.6881634340798082,0.7022203030644554,2.1524048922769627
0.9500000000000001,oven-1-c12-to-n13,47.0,0.9799097954625375,181.9116802106822,0.7039222158914421,0.7183540966229206,2.152264109041917
0.9500000000000001,oven-1-c12-to-n13,48.0,0.9798342986925845,182.7930014289759,0.719722779050854,0.7345351964216773,2.1521174188657337
0.9500000000000001,oven-1-c12-to-n13,49.0,0.9797563059404634,183.662953182099,0.7355647682941578,0.7507629844628484,2.1519658789950036
0.9500000000000001,oven-1-c12-to-n13,50.0,0.9796762155097918,184.52200656346696,0.7514478382131686,0.7670369315051091,2.1518102633416945
0.9500000000000001,oven-1-c12-to-n13,51.0,0.9795988607150647,185.40104328856614,0.767371652514661,0.7833529450560129,2.1516599630233983
0.9500000000000001,oven-1-c12-to-n13,52.0,0.9795278330270748,186.32626778948097,0.7833358833568362,0.7997076315188119,2.151521956272827
0.9500000000000001,oven-1-c12-to-n13,53.0,0.9794547583067168,187.2408401765715,0.7993402107536014,0.816107333161056,2.1513799721382356
0.9500000000000001,oven-1-c12-to-n13,54.0,0.9793799737819419,188.14516720030002,0.8153843220385093,0.8325515569711393,2.151234665850178
0.9500000000000001,oven-1-c12-to-n13,55.0,0.9793038657153696,189.0396437151006,0.8314679113813367,0.8490397521038676,2.1510867879287208
0.9500000000000001,oven-1-c12-to-n13,56.0,0.9792266494163872,189.92462589176873,0.8475906793512511,0.8655714995669386,2.1509367567036377
0.9500000000000001,oven-1-c12-to-n13,57.0,0.9791588480830025,190.8783363203125,0.8637523325212262,0.882137085532425,2.1508050187595162
0.9500000000000001,oven-1-c12-to-n13,58.0,0.9790893850190768,191.73398729697357,0.8799525831091339,0.8987459128585984,2.1506700520693416
0.9500000000000001,oven-1-c12-to-n13,59.0,0.979017097085928,192.58070642879318,0.8961911486514665,0.9153988743598093,2.150529596660654
0.9500000000000001,oven-1-c12-to-n13,60.0,0.9789428305799615,193.4188617172926,0.9124677517061796,0.9320950347688848,2.150385296889442
0.9500000000000001,oven-1-c12-to-n13,61.0,0.9788670614907292,194.24876688987595,0.9287821195815559,0.9488337651969836,2.150238077592797
0.9500000000000001,oven-1-c12-to-n13,62.0,0.9787901697641629,195.07071338821427,0.9451339840883511,0.965614503786934,2.1500886770190233
0.9500000000000001,oven-1-c12-to-n13,63.0,0.9787211739129532,195.96018955168907,0.9615230813128869,0.9824279957780949,2.1499546181246485
0.9500000000000001,oven-1-c12-to-n13,64.0,0.9786521695511995,196.85163555250432,0.977949151408881,0.9992816465704655,2.1498205426911317
0.9500000000000001,oven-1-c12-to-n13,65.0,0.9785821568199299,197.7351753961344,0.9944119384062192,1.0161762417963258,2.149684507998732
0.9500000000000001,oven-1-c12-to-n13,66.0,0.9785112793971149,198.61104803905604,1.0109111900349737,1.033111432969706,2.1495467932165604
0.9500000000000001,oven-1-c12-to-n13,67.0,0.9784396681526963,199.47948182580132,1.0274466575631909,1.0500868791460798,2.1494076526085517
0.9500000000000001,oven-1-c12-to-n13,68.0,0.9783674302214662,200.34069365072133,1.0440180956471488,1.0671022597418454,2.149267294353892
0.9500000000000001,oven-1-c12-to-n13,69.0,0.9782965654616985,201.21366312419894,1.0606252621928964,1.084155152576196,2.1491296041717796
0.9500000000000001,oven-1-c12-to-n13,70.0,0.9782322229054168,202.1505594741559,1.0772679182280473,1.1012394531724663,2.1490045866268708
1.0,oven-1-c12-to-n13,5.0,4.677895347961314e-09,5.000000748906215,0.0881593871344292,18845951.133312587,9.089147684391992e-09
1.0,oven-1-c12-to-n13,6.0,3.155543997598029e-08,6.000004786108327,0.10033359804034252,3179597.4994078847,6.13121997935777e-08
1.0,oven-1-c12-to-n13,7.0,1.4467859445677348e-07,7.0000224830956,0.11287262827510895,780161.21665346,2.811104169658192e-07
1.0,oven-1-c12-to-n13,8.0,5.078131170341306e-07,8.000079712944018,0.12568609435091516,247504.62352170332,9.866805632593254e-07
1.0,oven-1-c12-to-n13,9.0,1.467464737429013e-06,9.000210223218703,0.1387154724848784,94527.29523702685,2.851283051029068e-06
1.0,oven-1-c12-to-n13,10.0,3.661043373781315e-06,10.000520198433454,0.15192112406141298,41496.674185671,7.113404945616212e-06
1.0,oven-1-c12-to-n13,11.0,8.145688786234018e-06,11.001139846553153,0.16527516724955868,20289.894640815277,1.5827068128286188e-05
1.0,oven-1-c12-to-n13,12.0,1.654358564504548e-05,12.002479189608344,0.17875735302565282,10805.236353292466,3.214417638110216e-05
1.0,oven-1-c12-to-n13,13.0,3.1195462762917276e-05,13.004553644315253,0.19235256856734215,6166.043120732154,6.061276429766146e-05
1.0,oven-1-c12-to-n13,14.0,5.533637656720619e-05,14.007833574182886,0.20604926513155214,3723.577109919814,0.00010751854445774679
1.0,oven-1-c12-to-n13,15.0,9.330625721253884e-05,15.012758903261346,0.21983843367823538,2356.09529570427,0.00018129399839015903
1.0,oven-1-c12-to-n13,16.0,0.00015092812791449414,16.02173305164156,0.2337129172345829,1548.5047119049216,0.00029325325649738913
1.0,oven-1-c12-to-n13,17.0,0.00023582099482498677,17.032599444822093,0.24766693710737692,1050.23277207011,0.00045820004288438617
1.0,oven-1-c12-to-n13,18.0,0.00035885390379053196,18.05194226564824,0.26169575884416374,729.2543179268831,0.0006972529067146019
1.0,oven-1-c12-to-n13,19.0,0.0005343874238637073,19.073894837013878,0.27579545186870325,516.0964490418911,0.0010383144245190979
1.0,oven-1-c12-to-n13,20.0,0.0007853225380605603,20.113224896019933,0.2899627133428336,369.2275457405414,0.0015258811917254146
1.0,oven-1-c12-to-n13,21.0,0.0011408872873456388,21.156520013602858,0.30419473696700494,266.62996453815975,0.002216743273328916
1.0,oven-1-c12-to-n13,22.0,0.0016537490698181668,22.235840691621075,0.3184891138028937,192.58611818170957,0.0032132333903224183
1.0,oven-1-c12-to-n13,23.0,0.0023830647607226327,23.322370697557353,0.3328437562943154,139.67046207900157,0.0046302933136625184
1.0,oven-1-c12-to-n13,24.0,0.0034572641852620573,24.485297115302526,0.3472568393481678,100.44266817343208,0.006717462111994615
1.0,oven-1-c12-to-n13,25.0,0.004988346964069264,25.662781278501036,0.3617267541343005,72.51435329975934,0.009692354976939285
1.0,oven-1-c12-to-n13,26.0,0.007326601770286483,27.01013107343373,0.3762520714875279,51.35424079051805,0.014235582577511816
1.0,oven-1-c12-to-n13,27.0,0.010816413927080054,28.45297658651942,0.39083151264279486,36.13318751275838,0.021016285377480827
1.0,oven-1-c12-to-n13,28.0,0.01620153612923421,30.201045112693276,0.40546392563051087,25.026264324336985,0.031479574389538086
1.0,oven-1-c12-to-n13,29.0,0.02540294695534439,32.41737571456333,0.42014826608388667,16.539351391886203,0.04935790976951341
1.0,oven-1-c12-to-n13,30.0,0.041932541881735216,35.59313997138851,0.4348835815168478,10.371028370838458,0.08147490219317231
1.0,oven-1-c12-to-n13,31.0,0.08336357277742242,42.087894385036876,0.4496689983552192,5.394070615901005,0.16197536885958105
1.0,oven-1-c12-to-n13,32.0,0.4283291634972624,87.49122742912152,0.4645037111694526,1.0844550190718485,0.8322432921154135
1.0,oven-1-c12-to-n13,33.0,0.885715897745342,145.95646110259068,0.47938697368078687,0.5412423723014381,1.7209454257093884
1.0,oven-1-c12-to-n13,34.0,0.9362856332434265,153.26864944421686,0.4943180912058744,0.5279565056375866,1.819202389603
1.0,oven-1-c12-to-n13,35.0,0.9534427234643768,156.3822193606775,0.5092964142757925,0.5341657151939251,1.8525386049846921
1.0,oven-1-c12-to-n13,36.0,0.9613998194987066,158.16874119569604,0.5243213332196874,0.545372822613051,1.8679992375160361
1.0,oven-1-c12-to-n13,37.0,0.9658726156348753,159.53142305506955,0.5393922735453273,0.5584507364781025,1.8766898775624268
1.0,oven-1-c12-to-n13,38.0,0.9688851602511216,160.76383451126293,0.5545086919815985,0.5723162194350024,1.882543249834813
1.0,oven-1-c12-to-n13,39.0,0.9709513773420543,161.89297195812784,0.5696700730736188,0.5867132859248533,1.8865579083276942
1.0,oven-1-c12-to-n13,40.0,0.9723834148140833,162.93249643438614,0.5848759262415206,0.6014869416025026,1.8893403562245947
1.0,oven-1-c12-to-n13,41.0,0.9734103524873825,163.91022919450805,0.6001257832299329,0.6165188008288743,1.891335695470341
1.0,oven-1-c12-to-n13,42.0,0.9742412031808543,164.90975364646505,0.6154191958882583,0.6316907906162682,1.8929500378390594
1.0,oven-1-c12-to-n13,43.0,0.9748909516453077,165.8994768637208,0.630755734232084,0.6470013217043072,1.8942124986920366
1.0,oven-1-c12-to-n13,44.0,0.9753832347293259,166.857552533683,0.6461349847445093,0.6624421681020745,1.8951690044110279
1.0,oven-1-c12-to-n13,45.0,0.9757594071916691,167.78947023975377,0.6615565488829802,0.6779914638865789,1.8958999072659903
1.0,oven-1-c12-to-n13,46.0,0.9760630122270799,168.72371583617652,0.6770200417627764,0.6936232940719902,1.8964898116565994
1.0,oven-1-c12-to-n13,47.0,0.9763355788475877,169.70655037723807,0.6925250909928812,0.7093105137173218,1.8970194084268033
1.0,oven-1-c12-to-n13,48.0,0.9765476602583149,170.6703660021082,0.7080713356437233,0.7250760658792889,1.8974314824728917
1.0,oven-1-c12-to-n13,49.0,0.976711983793241,171.61714811233588,0.7236584253293941,0.7409128149722636,1.897750762996689
1.0,oven-1-c12-to-n13,50.0,0.9768380107017391,172.5248592301668,0.7392860193895385,0.7568153688639241,1.8979956331997057
1.0,oven-1-c12-to-n13,51.0,0.9769430176121029,173.3737069640285,0.754953786158292,0.7727715665582943,1.8981996615597232
1.0,oven-1-c12-to-n13,52.0,0.9770404198924573,174.26472499667602,0.7706614023094214,0.7887712592220576,1.8983889141284715
1.0,oven-1-c12-to-n13,53.0,0.9771123498066423,175.14313640263876,0.7864085522683832,0.8048292014976611,1.8985286739059615
1.0,oven-1-c12-to-n13,54.0,0.9771634251934743,176.00979384514534,0.8021949276832722,0.8209424411525031,1.8986279133500754
1.0,oven-1-c12-to-n13,55.0,0.9771972343273426,176.8654194985633,0.8180202269477158,0.8371086186206853,1.898693604475668
1.0,oven-1-c12-to-n13,56.0,0.9772165979109424,177.7106347867239,0.8338841547697499,0.8533258200407122,1.8987312279062802
1.0,oven-1-c12-to-n13,57.0,0.9772446204620991,178.62532383807687,0.849786421781403,0.8695739060498215,1.8987856757053463
1.0,oven-1-c12-to-n13,58.0,0.9772626227290503,179.53784795332516,0.8657267441844803,0.8858690837544764,1.8988206540985768
1.0,oven-1-c12-to-n13,59.0,0.9772701878934962,180.44054521600768,0.8817048434285515,0.9022119515679328,1.8988353532082813
1.0,oven-1-c12-to-n13,60.0,0.977268791945601,181.33385145800335,0.8977204459176781,0.9186013646567454,1.8988326408824092
1.0,oven-1-c12-to-n13,61.0,0.977259676953206,182.21816470516984,0.9137732827428202,0.9350363105041674,1.898814930457986
1.0,oven-1-c12-to-n13,62.0,0.9772438786793547,183.09384859055683,0.9298630894372264,0.95151590071236,1.8987842344219457
1.0,oven-1-c12-to-n13,63.0,0.9772377951758,184.0417714328735,0.9459896057524939,0.9680239655306366,1.8987724141784104
1.0,oven-1-c12-to-n13,64.0,0.9772276683708722,184.99182376998755,0.9621525754531184,0.9845736122649031,1.8987527378028795
1.0,oven-1-c12-to-n13,65.0,0.9772120986487203,185.93347453436255,0.9783517461277735,1.0011662232596477,1.8987224858426457
1.0,oven-1-c12-to-n13,66.0,0.9771917349191342,186.8670172743977,0.9945868690156271,1.0178011473847888,1.8986829191290182
1.0,oven-1-c12-to-n13,67.0,0.9771671339794101,187.79272630694805,1.0108576988462574,1.034477791664611,1.8986351195187885
1.0,oven-1-c12-to-n13,68.0,0.9771387775454591,188.71085907162077,1.027163993691865,1.0511956103840927,1.898580022985666
1.0,oven-1-c12-to-n13,69.0,0.977110148246954,189.64175687177578,1.0435055148306325,1.0679507491584233,1.8985243962768883
1.0,oven-1-c12-to-n13,70.0,0.977089687794332,190.64133065827394,1.059882026620192,1.0847336123388571,1.8984846416304633
